id_lectura,fecha_hora,edificio,ciudad,tipo_edificio,superficie_m2,temperatura_exterior_c,humedad_relativa_pct,radiacion_solar_wm2,ocupacion_personas,hvac_activo,modo_hvac,consumo_kwh,generacion_solar_kwh,periodo_tarifario,coste_eur
1691,2025-08-05 14:00:00,Planta Logistica R2,Zaragoza,Industrial,26000,27.6,56.4,821.2,158,1,Refrigeracion,167.82,212.54,Llano,-2.86
1318,2025-08-01 08:00:00,Centro Comercial Delta,Valencia,Comercial,17400,23.7,72.7,291.2,14,0,Apagado,35.48,35.1,Llano,0.06
89,2025-03-30 00:00:00,Torre Atlantida,Madrid ,Oficinas,12500,9.6,71.3,0.0,14,0,Apagado,24.58,0.0,Valle,2.17
1559,2025-03-26 14:00:00,Planta Logistica R2,Zaragoza,Industrial,26000,18.3,66.6,514.0,164,0,Apagado,155.61,145.69,Llano,1.36
1979,2025-05-17 14:00:00,Residencial Mirador,Barcelona,Residencial,9800,25.5,77.9,,108,1,Refrigeracion,27.13,0.0,Valle,2.34
1916,2025-03-14 20:00:00,Residencial Mirador,Barcelona,Residencial,9800,13.4,78.1,0.0,292,1,Calefaccion,96.49,0.0,Punta,20.75
1114,2025-01-09 08:00:00,Centro Comercial Delta,Valencia,Comercial,17400,12.1,87.0,0.0,0,0,Apagado,44.34,0.0,Llano,6.87
1043,2025-11-01 14:00:00,Hospital Sur,Sevilla,Sanitario,21000,18.9,63.3,453.9,392,0,Apagado,189.17,93.5,Valle,10.7
525,2025-06-06 00:00:00,Campus Norte,Bilbao,Educativo,8600,17.8,83.9,0.0,123,0,Apagado,24.88,0.0,Valle,2.3
1569,2025-04-07 00:00:00,Planta Logistica R2,Zaragoza,Industrial,26000,5.5,68.7,0.0,66,1, CALEFACCION,123.54,0.0,Valle,10.6
1917,2025-03-18 00:00:00,Residencial Mirador,Barcelona,Residencial,9800,11.8,81.7,0.0,304,1,Calefaccion,87.69,0.0,Valle,7.65
479,2025-04-19 14:00:00,Campus Norte,Bilbao,Educativo,8600,17.4,81.1,486.3,0,0,Apagado,7.35,36.59,Valle,-1.02
920,2025-06-30 20:00:00,Hospital Sur,Sevilla,Sanitario,21000,29.8,54.0,63.8,423,1,Refrigeracion,311.73,12.48,Punta,69.13
1797,2025-11-21 00:00:00,Planta Logistica R2,Zaragoza,Industrial,26000,4.0,76.1,0.0,51,1,Calefaccion,142.42,0.0,Valle,15.34
27,2025-01-25 14:00:00,Torre Atlantida,Madrid,Oficinas,12500,10.1,73.7,350.3,0,FALSE,Apagado,15.8,53.95,Valle,-1.49
1651,2025-06-26 14:00:00,Planta Logistica R2,Zaragoza,Industrial,26000,32.0,51.6,714.4,,1,Refrigeracion,177.29,186.33,Llano,-0.52
604,2025-08-21 20:00:00,Campus Norte,Bilbao,Educativo,8600,20.4,84.3,0.0,5,0,Apagado,11.91,0.0,Punta,2.96
121,2025-05-01 00:00:00,Torre Atlantida,Madrid,Oficinas,12500,13.5,60.3,0.0,32,0, APAGADO,,0.0,Valle,2.07
820,2025-03-22 20:00:00,Hospital Sur,Sevilla,Sanitario,21000,18.0,76.6,0.0,418,0,Apagado,294.36,0.0,Valle,25.7
619,2025-09-06 14:00:00,Campus Norte,Bilbao,Educativo,8600,20.7,77.1,572.2,0,0,Apagado,7.17,43.83,Valle,-1.53
1524,2025-02-18 20:00:00,Planta Logistica R2,Zaragoza,Industrial,26000,10.5,70.3,0.0,173,1,Calefaccion,250.66,0.0,Punta,58.43
1661,2025-07-08 00:00:00,Planta Logistica R2,Zaragoza,Industrial,26000,21.9,64.6,,44,0,Apagado,106.24,0.0,Valle,9.99
2068,2025-08-13 20:00:00,Residencial Mirador,Barcelona,Residencial,9800,24.2,77.6,0.0,328,1,Refrigeracion,108.46,0.0,Punta,27.27
268,2025-09-22 20:00:00,Torre Atlantida,Madrid,Oficinas,12500,,52.1,0.0,47,0,Apagado,34.66,0.0,Punta,9.26
1540,2025-03-06 20:00:00,Planta Logistica R2, Zaragoza,Industrial,26000,9.1,75.6,0.0,158,Si,Calefaccion,265.28,0.0,Punta,58.41
705,2025-12-03 00:00:00,Campus Norte,Bilbao,Educativo,8600,7.2,88.7,0.0,62,1,Calefaccion,26.08,0.0,Valle,2.8
1031,2025-10-20 14:00:00,Hospital Sur,Sevilla,Sanitario,21000,25.3,59.1,643.0,389,TRUE,Refrigeracion,198.54,121.32,Llano,13.45
623,2025-09-10 14:00:00,Campus Norte,Bilbao,Educativo,8600,22.0,67.8,763.5,785,0,Apagado,82.36,59.39,Llano,3.89
1178,2025-03-14 08:00:00,Centro Comercial Delta,Valencia,Comercial,17400,12.7,71.5,111.3,190,0,Apagado,54.32,14.56,Llano,5.77
737,2025-01-01 00:00:00,Hospital Sur,Sevilla,Sanitario,21000,4.6,91.2,0.0,195,1,Calefaccion,168.08,0.0,Valle,16.67
1997,2025-06-06 00:00:00,Residencial Mirador,Barcelona,Residencial,9800,22.1,,0.0,289,0,Apagado,89.61,0.0,Valle,7.96
1605,2025-05-13 00:00:00,Planta Logistica R2,Zaragoza,Industrial,26000,15.3,69.9,0.0,45,1,Ventilacion,106.66,0.0,Valle,9.45
435,2025-03-06 14:00:00,Campus Norte,Bilbao,Educativo,8600,13.7,96.4,299.8,,1,Calefaccion,86.83,21.98,Llano,9.4
220,2025-08-05 20:00:00,Torre Atlantida, Madrid,Oficinas,12500,24.2,46.4,0.0,129,1,Refrigeracion,43.24,0.0,Punta,10.61
357,2025-12-23 00:00:00,Torre Atlantida,Madrid,Oficinas,12500,-0.7,76.0,0.0,39,no,Apagado,23.66,0.0,Valle,2.45
1689,2025-08-05 00:00:00,Planta Logistica R2,Zaragoza,Industrial,26000,23.8,46.1,0.0,45,1, VENTILACION,105.33,0.0,Valle,10.5
265,2025-09-22 00:00:00,Torre Atlantida,Madrid,Oficinas,12500,16.0,59.5,0.0,0,0,Apagado,23.87,0.0,Valle,2.58
352,2025-12-15 20:00:00,Torre Atlantida,Madrid,Oficinas,12500,8.5,78.1,0.0,54,Si,Calefaccion,40.27,0.0,Punta,10.28
1754,2025-10-08 08:00:00,Planta Logistica R2,Zaragoza,Industrial,26000,18.4,,89.6,,0,Apagado,233.51,23.55,Llano,36.34
2018,2025-06-26 08:00:00,Residencial Mirador,Barcelona,Residencial,9800,21.9,67.2,382.3,86,0,Apagado,18.33,0.0,Llano,2.73
2099,2025-09-14 14:00:00,Residencial Mirador,Barcelona,Residencial,9800,23.7,70.9,723.2,104,1,Ventilacion,24.94,0.0,Valle,2.69
1142,2025-02-06 08:00:00,Centro Comercial Delta,Valencia,Comercial,17400,10.6,73.6,21.5,20,0,Apagado,49.32,2.6,Llano,7.11
1419,2025-11-09 14:00:00,Centro Comercial Delta,Valencia,Comercial,17400,19.3,69.5,500.8,1525,0,Apagado,226.21,59.38,Valle,17.75
267,2025-09-22 14:00:00,Torre Atlantida,Madrid,Oficinas,12500,23.8,50.7,591.3,576,1,Ventilacion,111.05,86.8,Llano,4.11
563,2025-07-12 14:00:00,Campus Norte,Bilbao,Educativo,8600,25.7,67.0,716.9,70,FALSE,Apagado,10.36,55.5,Valle,-1.74
911,2025-06-22 14:00:00,Hospital Sur,Sevilla,Sanitario,21000,36.0,31.1,896.2,363,1,Refrigeracion,234.34,172.13,Valle,5.9
714,2025-12-11 08:00:00,Campus Norte,Bilbao,Educativo,8600,7.7,99.0,0.0,821,1,Calefaccion,114.97,0.0,Llano,19.28
1414,2025-11-05 08:00:00,Centro Comercial Delta,Valencia,Comercial,17400,13.1,72.5,1.1,121,0,Apagado,53.12,0.15,Llano,9.09
599,2025-08-17 14:00:00,Campus Norte,Bilbao,Educativo,8600,23.8,97.0,445.5,4,0,Apagado,7.78,33.76,Valle,-1.12
1731,2025-09-14 14:00:00,Planta Logistica R2,Zaragoza ,Industrial,26000,26.9,65.9,561.2,48,TRUE,Refrigeracion,87.24,144.53,Valle,-2.53
757,2025-01-21 00:00:00,Hospital Sur,Sevilla,Sanitario,21000,4.6,76.4,0.0,212,1,Calefaccion,180.25,0.0,Valle,17.0
1483,2025-01-09 14:00:00,Planta Logistica R2,Zaragoza,Industrial,26000,10.5,77.5,341.0,182,1,Calefaccion,155.38,92.12,Llano,10.08
1957,2025-04-27 00:00:00,Residencial Mirador,Barcelona,Residencial,9800,15.7,88.2,0.0,306,1,Ventilacion,100.83,0.0,Valle,9.14
1679,2025-07-24 14:00:00,Planta Logistica R2,Zaragoza,Industrial,26000,31.9,62.3,675.3,162,1,Refrigeracion,189.46,181.75,Llano,1.22
821,2025-03-26 00:00:00,Hospital Sur, Sevilla,Sanitario,21000,13.1,71.5,0.0,196,1,Calefaccion,173.49,0.0,Valle,15.37
1046,2025-11-05 08:00:00,Hospital Sur,Sevilla,Sanitario,21000,-999.0,80.1,0.0,363,1,Calefaccion,264.79,0.0,Llano,45.99
1737,2025-09-22 00:00:00,Planta Logistica R2,Zaragoza,Industrial,26000,14.6,64.2,0.0,55,1,Ventilacion,125.04,0.0,Valle,13.7
1641,2025-06-18 00:00:00,Planta Logistica R2,Zaragoza,Industrial,26000,20.6,54.4,,42,0,Apagado,102.53,0.0,Valle,9.38
82,2025-03-22 08:00:00,Torre Atlantida,Madrid,Oficinas,12500,9.4,81.1,113.1,0,0,Apagado,24.17,16.54,Valle,0.65
1603,2025-05-09 14:00:00,Planta Logistica R2,Zaragoza,Industrial,26000,26.8,57.5,604.3,163,1,Refrigeracion,145.93,160.27,Llano,-0.82
2182,2025-12-07 08:00:00,Residencial Mirador,Barcelona,Residencial,9800,11.0,88.3,0.0,114,1,Calefaccion,49.13,0.0,Valle,5.17
2037,2025-07-16 00:00:00,Residencial Mirador,Barcelona,Residencial,9800,18.7,75.7,0.0,307,0,Apagado,93.9,0.0,Valle,9.07
708,2025-12-03 20:00:00,Campus Norte,Bilbao,Educativo,8600,7.9,91.0,0.0,46,1,Calefaccion,25.86,0.0,Punta,6.66
962,2025-08-13 08:00:00,Hospital Sur,Sevilla,Sanitario,21000,26.1,45.1,329.2,416,1,Refrigeracion,204.6,66.93,Llano,23.27
709,2025-12-07 00:00:00,Campus Norte,Bilbao,Educativo,8600,5.2,96.5,0.0,46,0,Apagado,15.27,0.0,Valle,1.61
764,2025-01-25 20:00:00,Hospital Sur,Sevilla,Sanitario,21000,12.1,73.6,0.0,422,Si,Calefaccion,291.6,0.0,Valle,27.73
283,2025-10-08 14:00:00,Torre Atlantida,Madrid,Oficinas,12500,23.9,55.6,562.1,545,1,Ventilacion,102.5,88.09,Llano,
1657,2025-07-04 00:00:00,Planta Logistica R2,Zaragoza,Industrial,26000,20.0,61.5,0.0,63,0,Apagado,110.85,0.0,Valle,10.49
982,2025-09-02 08:00:00,Hospital Sur,Sevilla,Sanitario,21000,21.9,52.4,281.7,421,0,Apagado,191.21,56.74,Llano,23.01
886,2025-05-29 08:00:00,Hospital Sur,Sevilla,Sanitario,21000,24.8,62.5,289.0,414,1,Refrigeracion,205.77,62.25,Llano,20.65
125,2025-05-05 00:00:00,Torre Atlantida,Madrid,Oficinas,12500,9.8,60.1,0.0,48,0,Apagado,28.63,0.0,Valle,2.42
1909,2025-03-10 00:00:00,Residencial Mirador,Barcelona,Residencial,9800,8.0,88.0,0.0,325,1,Calefaccion,105.76,0.0,Valle,9.38
2187,2025-12-11 14:00:00,Residencial Mirador,Barcelona,Residencial,9800,13.3,72.1,415.9,67,1,Calefaccion,20.41,0.0,Llano,3.34
768,2025-01-29 20:00:00,Hospital Sur,Sevilla,Sanitario,21000,13.3,65.8,0.0,397,1,Calefaccion,270.03,0.0,Punta,63.46
1611,2025-05-17 14:00:00,Planta Logistica R2,Zaragoza,Industrial,26000,27.2,41.0,824.0,72,1,Refrigeracion,96.48,218.47,Valle,-4.38
1212,2025-04-15 20:00:00,Centro Comercial Delta,Valencia,Comercial,17400,19.0,70.9,0.0,1319,0,Apagado,273.75,0.0,Punta,58.53
28,2025-01-25 20:00:00,Torre Atlantida,Madrid,Oficinas,12500,4.5,77.7,0.0,3,FALSE,Apagado,22.17,0.0,Valle,2.16
469,2025-04-11 00:00:00,Campus Norte,Bilbao,Educativo,8600,9.9,86.2,0.0,,TRUE,Calefaccion,23.28,0.0,Valle,2.03
1005,2025-09-26 00:00:00,Hospital Sur,Sevilla,Sanitario,21000,14.9,65.6,0.0,210,1,Ventilacion,178.55,0.0,Valle,19.05
1525,2025-02-22 00:00:00,Planta Logistica R2,Zaragoza,Industrial,26000,3.0,79.6,0.0,12,1,Calefaccion,97.14,0.0,Valle,8.72
2116,2025-09-30 20:00:00,Residencial Mirador,Barcelona,Residencial,9800,21.3,72.7,0.0,314,0,Apagado,97.61,0.0,Punta,26.48
1780,2025-11-01 20:00:00,Planta Logistica R2,Zaragoza,Industrial,26000,13.4,73.8,0.0,0,No,Apagado,49.39,0.0,Valle,5.38
1299,2025-07-12 14:00:00,Centro Comercial Delta, Valencia,Comercial,17400,28.6,63.6,852.1,1536,1,Refrigeracion,250.52,101.17,Valle,13.81
1556,2025-03-22 20:00:00,Planta Logistica R2,Zaragoza,Industrial,26000,16.7,68.4,0.0,65,0,Apagado,126.87,0.0,Valle,10.89
1296,2025-07-08 20:00:00,Centro Comercial Delta,Valencia,Comercial,17400,27.8,64.4,68.1,1466,1,Refrigeracion,300.28,8.98,Punta,69.97
1882,2025-02-10 08:00:00,Residencial Mirador, Barcelona,Residencial,9800,10.5,88.8,33.2,91,si,Calefaccion,36.23,0.0,Llano,5.41
2040,2025-07-16 20:00:00,Residencial Mirador,Barcelona ,Residencial,9800,26.3,66.2,36.5,304,1,Refrigeracion,95.99,0.0,Punta,22.83
731,2025-12-27 14:00:00,Campus Norte,Bilbao,Educativo,8600,13.9,93.5,253.6,0,0,Apagado,7.61,18.23,Valle,-0.44
533,2025-06-14 00:00:00,Campus Norte,Bilbao,Educativo,8600,19.8,72.7,0.0,36,0,Apagado,13.84,0.0,Valle,1.26
1007,2025-09-26 14:00:00,Hospital Sur,Sevilla,Sanitario,21000,29.8,,650.0,428,1,Refrigeracion,206.04,127.64,Llano,14.06
87,2025-03-26 14:00:00,Torre Atlantida,Madrid,Oficinas,12500,16.4,55.6,604.4,,0,Apagado,99.93,87.89,Llano,1.69
1484,2025-01-09 20:00:00,Planta Logistica R2,Zaragoza,Industrial,26000,7.2,75.6,0.0,165,1,Calefaccion,272.64,0.0,Punta,65.71
1201,2025-04-07 00:00:00,Centro Comercial Delta,Valencia,Comercial,17400,15.3,71.9,0.0,0,0,Apagado,47.66,0.0,Valle,4.12
308,2025-11-01 20:00:00,Torre Atlantida, Madrid ,Oficinas,12500,12.9,61.8,0.0,24,0,Apagado,26.93,0.0,Valle,2.89
1008,2025-09-26 20:00:00,Hospital Sur,Sevilla,Sanitario,21000,22.4,79.3,0.0,400,0,Apagado,264.4,0.0,Punta,70.94
531,2025-06-10 14:00:00,Campus Norte,Bilbao,Educativo,8600,25.0,71.3,644.8,818,1,Refrigeracion,85.35,46.52,Llano,5.8
1268,2025-06-10 20:00:00,Centro Comercial Delta,Valencia,Comercial,17400,23.7,61.5,0.0,1418,1,Ventilacion,261.39,0.0,Punta,58.53
172,2025-06-18 20:00:00,Torre Atlantida,Madrid,Oficinas,12500,25.2,48.4,76.8,68,1,Refrigeracion,43.48,11.69,Punta,7.06
603,2025-08-21 14:00:00,Campus Norte,Bilbao,Educativo,8600,22.2,68.5,684.3,0,0,Apagado,8.05,54.23,Llano,-2.99
994,2025-09-14 08:00:00,Hospital Sur,Sevilla,Sanitario,21000,21.8,40.3,239.3,423,0,Apagado,204.6,49.16,Valle,16.76
133,2025-05-13 00:00:00,Torre Atlantida,Madrid,Oficinas,12500,14.6,50.7,0.0,41,0,Apagado,26.88,0.0,Valle,2.34
1478,2025-01-05 08:00:00,Planta Logistica R2,Zaragoza,Industrial,26000,5.2,89.2,0.0,53,1,Calefaccion,147.09,0.0,Valle,14.89
33,2025-02-02 00:00:00,Torre Atlantida,Madrid,Oficinas,12500,1.2,73.9,0.0,0,0,Apagado,22.07,0.0,Valle,2.07
2123,2025-10-08 14:00:00,Residencial Mirador,Barcelona,Residencial,9800,23.2,69.8,632.2,75,1,Ventilacion,19.35,0.0,Llano,3.41
347,2025-12-11 14:00:00,Torre Atlantida,Madrid,Oficinas,12500,11.9,59.9,574.7,552,1,Calefaccion,111.35,85.81,Llano,4.35
273,2025-09-30 00:00:00,Torre Atlantida,Madrid,Oficinas,12500,14.2,61.2,0.0,0,0,Apagado,23.92,0.0,Valle,
726,2025-12-23 08:00:00,Campus Norte,Bilbao,Educativo,8600,7.1,87.8,0.0,7,0,Apagado,12.22,0.0,Llano,2.05
219,2025-08-05 14:00:00,Torre Atlantida,Madrid,Oficinas,12500,31.2,42.8,882.7,643,1,Refrigeracion,118.87,132.71,Llano,-0.9
1381,2025-10-04 00:00:00,Centro Comercial Delta,Valencia,Comercial,17400,18.0,74.1,0.0,112,0,Apagado,51.45,0.0,Valle,5.78
1752,2025-10-04 20:00:00,Planta Logistica R2,Zaragoza,Industrial,26000,14.1,75.8,0.0,74,1,Calefaccion,121.66,0.0,Valle,13.02
825,2025-03-30 00:00:00,Hospital Sur,Sevilla,Sanitario,21000,12.2,65.4,0.0,223,1,Calefaccion,188.3,0.0,Valle,
1153,2025-02-18 00:00:00,Centro Comercial Delta,Valencia,Comercial,17400,7.2,89.7,0.0,133,0,Apagado,54.08,0.0,Valle,4.88
900,2025-06-10 20:00:00,Hospital Sur,Sevilla,Sanitario,21000,26.5,63.3,86.4,421,1,Refrigeracion,320.63,17.53,Punta,67.02
1804,2025-11-25 20:00:00,Planta Logistica R2,Zaragoza,Industrial,26000,15.7,61.3,0.0,164,1,Ventilacion,246.36,0.0,Punta,64.13
822,2025-03-26 08:00:00,Hospital Sur,Sevilla,Sanitario,21000,13.6,78.9,137.3,410,1,Calefaccion,194.92,27.28,Llano,23.17
10,2025-01-09 08:00:00,Torre Atlantida,Madrid,Oficinas,12500,0.9,75.0,0.0,408,1,Calefaccion,111.87,0.0,Llano,18.15
1339,2025-08-21 14:00:00,Centro Comercial Delta,Valencia,Comercial,17400,31.1,66.5,850.0,1282,1,Refrigeracion,210.49,107.19,Llano,17.26
1930,2025-03-30 08:00:00,Residencial Mirador,Barcelona,Residencial,9800,14.9,,199.8,116,1,Ventilacion,25.57,0.0,Valle,2.18
1710,2025-08-25 08:00:00,Planta Logistica R2,Zaragoza,Industrial,26000,22.3,59.0,321.9,164,0,Apagado,146.03,83.98,Llano,10.24
943,2025-07-24 14:00:00,Hospital Sur,SEVILLA,Sanitario,21000,35.5,47.4,912.8,392,1,Refrigeracion,248.28,174.17,Llano,11.72
262,2025-09-18 08:00:00,Torre Atlantida,Madrid,Oficinas,12500,17.4,57.0,190.9,326,0,Apagado,67.92,31.27,Llano,6.19
31,2025-01-29 14:00:00,Torre Atlantida,Madrid,Oficinas,12500,10.7,76.6,456.0,580,1,Calefaccion,105.8,69.05,Llano,5.63
1151,2025-02-14 14:00:00,Centro Comercial Delta,Valencia,Comercial,17400,10.8,81.8,473.2,1370,1,Calefaccion,213.92,57.26,Llano,23.77
70,2025-03-10 08:00:00,Torre Atlantida,Madrid,Oficinas,12500,9.6,77.1,82.9,349,1,Calefaccion,101.96,12.62,Llano,12.61
324,2025-11-17 20:00:00,Torre Atlantida,Madrid,Oficinas,12500,11.6,71.1,0.0,72,1,Calefaccion,38.74,0.0,Punta,10.05
1022,2025-10-12 08:00:00,Hospital Sur,Sevilla,Sanitario,21000,16.6,56.3,111.3,402,0,Apagado,267.72,22.32,Valle,26.9
270,2025-09-26 08:00:00,Torre Atlantida,Madrid,Oficinas,12500,15.0,64.5,161.0,347,1,Ventilacion,68.94,24.76,Llano,7.7
694,2025-11-21 08:00:00,Campus Norte,Bilbao,Educativo,8600,13.0,85.6,0.0,,1,Calefaccion,115.1,0.0,Llano,20.63
2074,2025-08-21 08:00:00,Residencial Mirador,Barcelona,Residencial,9800,23.8,71.4,256.6,88,1,Ventilacion,19.91,0.0,Llano,3.42
218,2025-08-05 08:00:00,Torre Atlantida,Madrid,Oficinas,12500,22.4,51.6,301.5,308,0,Apagado,68.06,41.27,Llano,4.44
318,2025-11-13 08:00:00,Torre Atlantida,Madrid,Oficinas,12500,10.8,60.4,0.0,357,1,Calefaccion,91.88,0.0,Llano,15.89
993,2025-09-14 00:00:00,Hospital Sur,Sevilla,Sanitario,21000,21.5,68.6,0.0,261,no,Apagado,174.81,0.0,Valle,17.74
813,2025-03-18 00:00:00,Hospital Sur,Sevilla,Sanitario,21000,11.9,74.5,0.0,217,TRUE,Calefaccion,179.26,0.0,Valle,15.86
1940,2025-04-07 20:00:00,Residencial Mirador,Barcelona,Residencial,9800,16.4,91.7,0.0,306,0,Apagado,97.28,0.0,Punta,20.16
828,2025-03-30 20:00:00,Hospital Sur,Sevilla,Sanitario,21000,19.4,70.2,0.0,401,0,Apagado,283.25,0.0,Valle,24.22
833,2025-04-07 00:00:00,Hospital Sur,Sevilla,Sanitario,21000,10.6,70.2,0.0,-6,1,Calefaccion,183.5,0.0,Valle,16.0
526,2025-06-06 08:00:00,Campus Norte,Bilbao,Educativo,8600,16.7,76.5,419.1,735,0, APAGADO,78.95,29.55,Llano,7.41
1799,2025-11-21 14:00:00,Planta Logistica R2,Zaragoza,Industrial,26000,16.3,68.3,362.0,168,0,Apagado,156.86,102.17,Llano,9.64
2020,2025-06-26 20:00:00,Residencial Mirador,Barcelona,Residencial,9800,19.4,66.2,97.1,285,0,Apagado,91.34,0.0,Punta,20.87
1871,2025-01-29 14:00:00,Residencial Mirador,Barcelona,Residencial,9800,14.5,85.9,331.4,74,1,Ventilacion,19.49,0.0,Llano,2.99
1363,2025-09-14 14:00:00,Centro Comercial Delta,Valencia,Comercial,17400,23.6,68.5,817.8,1538,1,Ventilacion,247.49,105.01,Valle,15.54
2054,2025-08-01 08:00:00,Residencial Mirador,Barcelona,Residencial,9800,22.9,83.5,348.8,79,No,Apagado,21.13,0.0,Llano,3.4
1791,2025-11-13 14:00:00,Planta Logistica R2,Zaragoza,Industrial,26000,17.6,68.5,507.6,150,0,Apagado,151.45,131.2,Llano,3.58
1314,2025-07-28 08:00:00,Centro Comercial Delta,Valencia ,Comercial,17400,25.1,50.0,427.0,93,0,Apagado,38.04,54.56,Llano,-1.06
317,2025-11-13 00:00:00,Torre Atlantida,Madrid,Oficinas,12500,3.8,76.3,0.0,0,0,Apagado,22.84,0.0,Valle,2.51
2188,2025-12-11 20:00:00,Residencial Mirador,Barcelona,Residencial,9800,12.5,83.4,0.0,301,1,Calefaccion,95.46,0.0,Punta,25.63
1884,2025-02-10 20:00:00,Residencial Mirador,Barcelona,Residencial,9800,11.1,69.0,0.0,300,1,Calefaccion,101.43,0.0,Punta,23.47
973,2025-08-25 00:00:00,Hospital Sur,Sevilla,Sanitario,21000,22.8,52.5,0.0,214,0, APAGADO,172.3,0.0,Valle,18.26
334,2025-11-29 08:00:00,Torre Atlantida,Madrid,Oficinas,12500,2.0,81.6,0.0,0,0,Apagado,23.06,0.0,Valle,2.37
91,2025-03-30 14:00:00,Torre Atlantida,Madrid,Oficinas,12500,17.8,54.0,512.9,5,0,Apagado,16.79,82.2,Valle,-2.25
114,2025-04-23 08:00:00,Torre Atlantida,Madrid,Oficinas,12500,16.9,50.5,268.1,304,0,Apagado,67.57,39.39,Llano,3.97
1895,2025-02-22 14:00:00,Residencial Mirador,Barcelona,Residencial,9800,,90.3,320.1,138,1,Ventilacion,27.65,0.0,Valle,2.56
1472,2025-12-31 20:00:00,Centro Comercial Delta,Valencia,Comercial,17400,12.6,70.5,0.0,1376,1,Calefaccion,285.53,0.0,Punta,72.24
1564,2025-03-30 20:00:00,Planta Logistica R2,Zaragoza,Industrial,26000,,,0.0,73,1,Calefaccion,136.4,0.0,Valle,11.77
2003,2025-06-10 14:00:00,Residencial Mirador,Barcelona,Residencial,9800,25.8,,647.6,82,1,Refrigeracion,24.39,0.0,Llano,3.52
1862,2025-01-21 08:00:00,Residencial Mirador,Barcelona,Residencial,9800,8.4,81.0,0.0,97,1,Calefaccion,39.27,0.0,Llano,5.99
671,2025-10-28 14:00:00,Campus Norte,Bilbao,Educativo,8600,17.1,76.2,448.5,866,0,Apagado,86.62,35.65,Llano,8.83
2087,2025-09-02 14:00:00,Residencial Mirador,Barcelona,Residencial,9800,23.7,68.2,766.2,55,1,Ventilacion,17.05,0.0,Llano,2.89
312,2025-11-05 20:00:00,Torre Atlantida,Madrid,Oficinas,12500,14.7,72.0,0.0,92,TRUE,Ventilacion,39.85,0.0,Punta,10.51
1638,2025-06-14 08:00:00,Planta Logistica R2,Zaragoza,Industrial,26000,-999.0,55.8,423.9,65,0,Apagado,82.22,111.11,Valle,-1.04
2154,2025-11-09 08:00:00,Residencial Mirador,barcelona,Residencial,9800,13.4,121.8,0.0,89,1,Calefaccion,41.1,0.0,Valle,4.48
698,2025-11-25 08:00:00,Campus Norte,Bilbao,Educativo,8600,,99.0,0.0,767,1,Calefaccion,124.8,0.0,Llano,21.55
109,2025-04-19 00:00:00,Torre Atlantida,Madrid,Oficinas,12500,11.6,64.4,0.0,-12,0,Apagado,23.23,0.0,Valle,2.03
1693,2025-08-09 00:00:00,Planta Logistica R2,Zaragoza,Industrial,26000,24.0,53.7,0.0,16,1,Ventilacion,70.98,0.0,Valle,7.27
560,2025-07-08 20:00:00,Campus Norte, Bilbao ,Educativo,8600,23.4,57.7,86.8,10,0,Apagado,12.42,6.6,Punta,1.42
2189,2025-12-15 00:00:00,Residencial Mirador,Barcelona,Residencial,9800,6.7,80.3,0.0,299,1,Calefaccion,102.15,0.0,Valle,10.75
2173,2025-11-29 00:00:00,Residencial Mirador,Barcelona,Residencial,9800,7.1,89.5,0.0,309,1,Calefaccion,105.91,0.0,Valle,11.44
1079,2025-12-07 14:00:00,Hospital Sur,Sevilla,Sanitario,21000,15.3,77.9,516.8,373,1,Ventilacion,198.89,106.18,Valle,9.62
1861,2025-01-21 00:00:00,Residencial Mirador,Barcelona,Residencial,9800,8.8,92.9,0.0,309,1,Calefaccion,96.11,0.0,Valle,9.59
742,2025-01-05 08:00:00,Hospital Sur,Sevilla,Sanitario,21000,7.3,83.2,0.0,404,1,Calefaccion,286.25,0.0,Valle,28.8
1747,2025-09-30 14:00:00,Planta Logistica R2,Zaragoza,Industrial,26000,,65.5,650.2,168,1,Refrigeracion,,173.43,Llano,-1.25
779,2025-02-10 14:00:00,Hospital Sur,Sevilla,Sanitario,21000,17.0,64.6,408.9,396,0,Apagado,211.8,82.21,Llano,19.4
1976,2025-05-13 20:00:00,Residencial Mirador,Barcelona,Residencial,9800,20.2,64.9,25.8,308,0,Apagado,90.71,0.0,Punta,19.12
1239,2025-05-13 14:00:00,Centro Comercial Delta,Valencia,Comercial,17400,26.1,65.9,826.2,1399,1,Refrigeracion,215.66,94.42,Llano,17.25
465,2025-04-07 00:00:00,Campus Norte,Bilbao,Educativo,8600,14.6,99.0,0.0,52,1,Ventilacion,22.25,0.0,Valle,1.84
1765,2025-10-20 00:00:00,Planta Logistica R2,Zaragoza,Industrial,26000,8.9,75.4,0.0,54,1,Calefaccion,128.71,0.0,Valle,14.09
142,2025-05-21 08:00:00,Torre Atlantida,Madrid ,Oficinas,12500,20.3,55.6,355.9,351,0,Apagado,64.1,53.73,Llano,1.42
1446,2025-12-07 08:00:00,Centro Comercial Delta,Valencia,Comercial,17400,9.8,78.9,0.0,139,1,Calefaccion,64.75,0.0,Valle,6.9
987,2025-09-06 14:00:00,Hospital Sur,Sevilla,Sanitario,21000,31.7,65.3,642.7,409,1,Refrigeracion,220.73,120.05,Valle,10.49
1409,2025-11-01 00:00:00,Centro Comercial Delta,Valencia,Comercial,17400,10.4,72.6,0.0,135,1,Calefaccion,71.59,0.0,Valle,8.1
489,2025-05-01 00:00:00,Campus Norte,Bilbao,Educativo,8600,12.5,81.1,0.0,22,0,Apagado,13.69,0.0,Valle,1.16
545,2025-06-26 00:00:00,Campus Norte,Bilbao,Educativo,8600,17.7,88.5,0.0,9,0,Apagado,19.11,0.0,Valle,1.79
434,2025-03-06 08:00:00,Campus Norte,Bilbao,Educativo,8600,11.6,85.1,65.1,757,si,Calefaccion,111.96,5.28,Llano,15.29
1055,2025-11-13 14:00:00,Hospital Sur,Sevilla,Sanitario,21000,23.4,70.4,484.7,459,1,Ventilacion,199.21,101.08,Llano,16.99
929,2025-07-12 00:00:00,Hospital Sur,Sevilla,Sanitario,21000,28.2,43.1,0.0,193,1,Refrigeracion,180.61,0.0,Valle,17.61
1701,2025-08-17 00:00:00,Planta Logistica R2,Zaragoza,Industrial,26000,22.9,47.3,0.0,32,0,Apagado,81.01,0.0,Valle,8.59
1736,2025-09-18 20:00:00,Planta Logistica R2,Zaragoza,Industrial,26000,,75.1,0.0,188,0,Apagado,248.38,0.0,Punta,64.38
1653,2025-06-30 00:00:00,Planta Logistica R2,Zaragoza,Industrial,26000,20.7,58.2,0.0,68,0, APAGADO,110.14,0.0,Valle,10.61
16,2025-01-13 20:00:00,Torre Atlantida,Madrid,Oficinas,12500,5.4,73.2,0.0,75,1,Calefaccion,46.4,0.0,Punta,11.51
168,2025-06-14 20:00:00,Torre Atlantida,Madrid,Oficinas,12500,26.4,40.5,57.5,14,0,Apagado,24.07,8.75,Valle,1.37
1065,2025-11-25 00:00:00,Hospital Sur,Sevilla,Sanitario,21000,10.4,64.9,0.0,240,1,Calefaccion,184.66,0.0,Valle,19.2
1333,2025-08-17 00:00:00,Centro Comercial Delta,Valencia,Comercial,17400,22.9,62.6,0.0,0,0,Apagado,46.28,0.0,Valle,4.77
1226,2025-05-01 08:00:00,Centro Comercial Delta,Valencia,Comercial,17400,22.5,82.5,209.4,121,No,Apagado,38.21,25.83,Valle,1.03
387,2025-01-17 14:00:00,Campus Norte,Bilbao,Educativo,8600,11.7,92.9,314.4,749,1, CALEFACCION,74.93,24.27,Llano,8.01
1344,2025-08-25 20:00:00,Centro Comercial Delta,Valencia,Comercial,17400,28.0,66.5,0.0,1249,1,Refrigeracion,287.61,0.0,Punta,74.4
1792,2025-11-13 20:00:00,Planta Logistica R2,Zaragoza,Industrial,26000,10.0,63.9,0.0,186,1,Calefaccion,255.52,0.0,Punta,68.17
539,2025-06-18 14:00:00,Campus Norte,Bilbao,Educativo,8600,22.2,72.6,811.2,780,0,Apagado,82.25,66.21,Llano,2.4
116,2025-04-23 20:00:00,Torre Atlantida,Madrid,Oficinas,12500,19.1,47.4,0.0,102,0,Apagado,42.44,0.0,Punta,9.03
1831,2025-12-23 14:00:00,Planta Logistica R2,Zaragoza,Industrial,26000,13.4,67.9,430.6,176,1,Calefaccion,169.12,117.86,Llano,8.42
1080,2025-12-07 20:00:00,Hospital Sur,Sevilla,Sanitario,21000,14.1,78.6,0.0,392,Si,Calefaccion,289.65,0.0,Valle,30.7
504,2025-05-13 20:00:00,Campus Norte,Bilbao,Educativo,8600,16.8,88.5,66.5,93,0,Apagado,21.97,4.82,Punta,3.63
2073,2025-08-21 00:00:00,Residencial Mirador,Barcelona,Residencial,9800,19.0,77.0,0.0,304,0,Apagado,93.37,0.0,Valle,10.0
763,2025-01-25 14:00:00,Hospital Sur,Sevilla,Sanitario,21000,16.5,53.8,590.9,444,0,Apagado,198.4,107.46,Valle,8.54
1003,2025-09-22 14:00:00,Hospital Sur,Sevilla,Sanitario,21000,27.5,54.6,681.9,384,1,Refrigeracion,196.45,133.47,Llano,10.98
363,2025-12-27 14:00:00,Torre Atlantida,Madrid,Oficinas,12500,12.9,69.5,335.9,25,0,Apagado,17.31,47.88,Valle,-1.28
669,2025-10-28 00:00:00,Campus Norte,Bilbao,Educativo,8600,8.4,95.7,0.0,,TRUE,Calefaccion,28.94,0.0,Valle,3.12
738,2025-01-01 08:00:00,Hospital Sur,Sevilla,Sanitario,21000,8.1,78.3,0.0,420,1,Calefaccion,274.72,0.0,Valle,28.3
1818,2025-12-11 08:00:00,Planta Logistica R2,Zaragoza,Industrial,26000,5.3,79.4,0.0,172,TRUE,Calefaccion,259.6,0.0,Llano,
1026,2025-10-16 08:00:00,Hospital Sur,Sevilla,Sanitario,21000,13.6,60.0,87.6,424,1,Calefaccion,287.98,18.81,Llano,48.18
739,2025-01-01 14:00:00,Hospital Sur,Sevilla,Sanitario,21000,14.8,69.7,400.4,,1,Ventilacion,214.45,82.53,Valle,13.48
1617,2025-05-25 00:00:00,Planta Logistica R2,Zaragoza,Industrial,26000,17.2,59.3,0.0,32,0,Apagado,68.6,0.0,Valle,6.07
1418,2025-11-09 08:00:00,Centro Comercial Delta,Valencia,Comercial,17400,10.9,81.4,0.0,72,1,Calefaccion,63.92,0.0,Valle,6.88
770,2025-02-02 08:00:00,Hospital Sur,Sevilla,Sanitario,21000,12.1,69.9,0.0,410,1,Calefaccion,310.19,0.0,Valle,29.5
1743,2025-09-26 14:00:00,Planta Logistica R2,Zaragoza,Industrial,26000,24.2,53.5,531.8,174,1,Refrigeracion,162.82,145.97,Llano,2.92
361,2025-12-27 00:00:00,Torre Atlantida,Madrid,Oficinas,12500,-0.7,80.4,0.0,32,0,Apagado,26.35,0.0,Valle,2.66
784,2025-02-14 20:00:00,Hospital Sur,Sevilla,Sanitario,21000,11.5,74.5,0.0,420,1,Calefaccion,299.13,0.0,Punta,68.44
53,2025-02-22 00:00:00,Torre Atlantida,Madrid,Oficinas,12500,1.7,73.3,0.0,72,0,Apagado,27.23,0.0,Valle,2.38
1287,2025-06-30 14:00:00,Centro Comercial Delta,Valencia,Comercial,17400,28.0,42.9,916.0,1298,1,Refrigeracion,217.18,122.21,Llano,14.17
2035,2025-07-12 14:00:00,Residencial Mirador,Barcelona,Residencial,9800,27.9,66.1,758.8,111,1,Refrigeracion,31.38,0.0,Valle,3.0
1578,2025-04-15 08:00:00,Planta Logistica R2,Zaragoza,Industrial,26000,-999.0,69.8,248.1,183,Si,Calefaccion,158.0,70.12,Llano,12.13
1692,2025-08-05 20:00:00,Planta Logistica R2,Zaragoza,Industrial,26000,25.2,71.0,0.0,182,1,Refrigeracion,244.47,0.0,Punta,61.41
1454,2025-12-15 08:00:00,Centro Comercial Delta,Valencia,Comercial,17400,10.1,99.0,0.0,129,0,Apagado,54.06,0.0,Llano,8.99
853,2025-04-27 00:00:00,Hospital Sur,Sevilla,Sanitario,21000,14.0,55.0,0.0,177,1,Calefaccion,184.02,0.0,Valle,15.94
1806,2025-11-29 08:00:00,Planta Logistica R2,Zaragoza,Industrial,26000,9.1,74.3,0.0,69,1,Calefaccion,137.58,0.0,Valle,14.6
1652,2025-06-26 20:00:00,Planta Logistica R2,Zaragoza,Industrial,26000,28.2,50.6,61.0,-1,1,Refrigeracion,269.93,16.11,Punta,56.37
1937,2025-04-07 00:00:00,Residencial Mirador,Barcelona,Residencial,9800,9.9,95.5,0.0,314,1,Calefaccion,102.34,0.0,Valle,9.12
1901,2025-03-02 00:00:00,Residencial Mirador,Barcelona,Residencial,9800,7.8,89.1,0.0,289,1,Calefaccion,95.95,0.0,Valle,8.72
540,2025-06-18 20:00:00,Campus Norte,Bilbao,Educativo,8600,20.1,82.5,70.5,72,0,Apagado,21.86,5.02,Punta,3.61
571,2025-07-20 14:00:00,Campus Norte, Bilbao ,Educativo,8600,24.9,67.3,736.9,0,0,Apagado,8.43,54.51,Valle,-1.78
2106,2025-09-22 08:00:00,Residencial Mirador,BARCELONA,Residencial,9800,16.8,76.5,158.7,102,FALSE,Apagado,21.44,0.0,Llano,3.6
1382,2025-10-04 08:00:00,Centro Comercial Delta,Valencia,Comercial,17400,15.2,73.9,111.3,195,1,Ventilacion,55.06,13.94,Valle,4.45
397,2025-01-29 00:00:00,Campus Norte,Bilbao,Educativo,8600,5.1,99.0,0.0,34,1,Calefaccion,25.67,0.0,Valle,2.54
1452,2025-12-11 20:00:00,Centro Comercial Delta,Valencia,Comercial,17400,13.0,75.4,0.0,1337,1,Calefaccion,278.3,0.0,Punta,72.05
1953,2025-04-23 00:00:00,Residencial Mirador,Barcelona,Residencial,9800,15.9,81.0,0.0,317,1,Ventilacion,92.35,0.0,Valle,7.83
759,2025-01-21 14:00:00,Hospital Sur,Sevilla,Sanitario,21000,16.2,80.0,330.2,382,0,Apagado,208.85,64.9,Llano,23.03
930,2025-07-12 08:00:00,Hospital Sur,Sevilla,Sanitario,21000,27.4,48.1,468.9,396,1,Refrigeracion,213.54,87.59,Valle,12.31
112,2025-04-19 20:00:00,Torre Atlantida,Madrid,Oficinas,12500,18.3,,0.0,0,No,Apagado,23.67,0.0,Valle,1.99
137,2025-05-17 00:00:00,Torre Atlantida,Madrid,Oficinas,12500,16.2,51.2,0.0,0,0,Apagado,22.72,0.0,Valle,1.95
1810,2025-12-03 08:00:00,Planta Logistica R2,Zaragoza,Industrial,26000,6.1,87.5,0.0,160,1,Calefaccion,243.74,0.0,Llano,41.41
413,2025-02-14 00:00:00,Campus Norte,Bilbao,Educativo,8600,4.4,99.0,0.0,57,1,Calefaccion,28.59,0.0,Valle,2.65
2198,2025-12-23 08:00:00,Residencial Mirador,Barcelona,Residencial,9800,8.9,81.3,0.0,90,1,Calefaccion,39.57,0.0,Llano,6.56
495,2025-05-05 14:00:00,Campus Norte,Bilbao,Educativo,8600,21.0,81.0,519.2,813,0,Apagado,82.47,42.6,Llano,5.62
1519,2025-02-14 14:00:00,Planta Logistica R2,Zaragoza,Industrial,26000,12.9,74.5,352.9,179,1,Calefaccion,164.31,95.6,Llano,10.24
713,2025-12-11 00:00:00,Campus Norte,Bilbao,Educativo,8600,5.6,81.7,0.0,82,TRUE,Calefaccion,29.71,0.0,Valle,3.17
1378,2025-09-30 08:00:00,Centro Comercial Delta,Valencia,Comercial,17400,15.4,79.7,142.9,105,FALSE,Apagado,38.86,19.15,Llano,3.5
1403,2025-10-24 14:00:00,Centro Comercial Delta,Valencia,Comercial,17400,25.5,64.2,472.9,1301,1,Refrigeracion,208.52,63.21,Llano,25.31
1154,2025-02-18 08:00:00,Centro Comercial Delta,Valencia,Comercial,17400,12.6,83.5,45.3,48,0,Apagado,51.1,5.28,Llano,6.93
2194,2025-12-19 08:00:00,Residencial Mirador,Barcelona,Residencial,9800,9.2,96.5,0.0,54,1,Calefaccion,33.77,0.0,Llano,5.66
2206,2025-12-31 08:00:00,Residencial Mirador,Barcelona,Residencial,9800,9.3,84.0,0.0,46,1,Calefaccion,34.43,0.0,Llano,5.41
1838,2025-12-31 08:00:00,Planta Logistica R2, Zaragoza ,Industrial,26000,6.6,76.9,0.0,180,1,Calefaccion,275.02,0.0,Llano,45.3
668,2025-10-24 20:00:00,Campus Norte,Bilbao,Educativo,8600,13.6,98.1,0.0,47,1,Calefaccion,23.65,0.0,Punta,6.38
1716,2025-08-29 20:00:00,Planta Logistica R2,Zaragoza,Industrial,26000,24.4,52.5,0.0,156,1,Refrigeracion,232.35,0.0,Punta,61.83
2177,2025-12-03 00:00:00,Residencial Mirador,Barcelona,Residencial,9800,6.6,94.3,0.0,261,Si,Calefaccion,104.69,0.0,Valle,11.24
1140,2025-02-02 20:00:00,Centro Comercial Delta,Valencia,Comercial,17400,,92.0,0.0,1437,1,Calefaccion,297.85,0.0,Valle,29.04
827,2025-03-30 14:00:00,Hospital Sur,Sevilla,Sanitario,21000,23.6,48.0,705.9,415,1,Ventilacion,199.09,120.45,Valle,6.76
1612,2025-05-17 20:00:00,Planta Logistica R2,Zaragoza,Industrial,26000,20.5,59.1,23.2,57,0,Apagado,123.61,6.8,Valle,10.35
1647,2025-06-22 14:00:00,Planta Logistica R2,Zaragoza,Industrial,26000,31.4,58.5,867.9,66,1,Refrigeracion,109.21,233.6,Valle,-4.54
51,2025-02-18 14:00:00,Torre Atlantida,Madrid,Oficinas,12500,13.4,62.0,507.4,580,1,Calefaccion,111.59,79.05,Llano,4.9
1072,2025-11-29 20:00:00,Hospital Sur,Sevilla,Sanitario,21000,12.0,66.7,0.0,447,1,Calefaccion,273.35,0.0,Valle,29.71
685,2025-11-13 00:00:00,Campus Norte,Bilbao,Educativo,8600,6.3,99.0,0.0,49,TRUE,Calefaccion,27.43,0.0,Valle,2.92
898,2025-06-10 08:00:00,Hospital Sur,Sevilla,Sanitario,21000,25.4,50.2,382.9,381,1,Refrigeracion,217.08,85.6,Llano,19.27
1684,2025-07-28 20:00:00,Planta Logistica R2,Zaragoza,Industrial,26000,27.1,64.8,19.8,152,1,Refrigeracion,242.0,5.34,Punta,57.11
606,2025-08-25 08:00:00,Campus Norte,Bilbao,Educativo,8600,14.9,84.1,185.8,136,0,Apagado,14.99,14.85,Llano,0.02
1261,2025-06-06 00:00:00,Centro Comercial Delta,Valencia,Comercial,17400,18.7,78.2,0.0,,no,Apagado,46.39,0.0,Valle,4.16
1179,2025-03-14 14:00:00,Centro Comercial Delta,Valencia,Comercial,17400,20.3,61.1,541.6,1208,0,Apagado,186.89,63.7,Llano,17.79
520,2025-05-29 20:00:00,Campus Norte,Bilbao,Educativo,8600,19.6,75.9,79.2,104,0,Apagado,21.89,6.12,Punta,3.44
584,2025-08-01 20:00:00,Campus Norte,Bilbao,Educativo,8600,21.1,80.2,0.0,0,No,Apagado,11.45,0.0,Punta,2.76
2009,2025-06-18 00:00:00,Residencial Mirador,Barcelona,Residencial,9800,20.5,78.4,0.0,341,0,Apagado,93.61,0.0,Valle,8.83
587,2025-08-05 14:00:00,Campus Norte,Bilbao,Educativo,8600,20.1,80.4,628.5,0,0,Apagado,7.26,45.88,Llano,-2.58
1237,2025-05-13 00:00:00,Centro Comercial Delta,Valencia,Comercial,17400,20.9,80.9,0.0,108,0,Apagado,55.3,0.0,Valle,4.69
1600,2025-05-05 20:00:00,Planta Logistica R2,Zaragoza,Industrial,26000,20.7,,0.0,163,no,Apagado,257.25,0.0,Punta,53.97
1727,2025-09-10 14:00:00,Planta Logistica R2,Zaragoza,Industrial,26000,25.6,56.7,720.5,186,1,Refrigeracion,185.24,194.12,Llano,-0.62
1117,2025-01-13 00:00:00,Centro Comercial Delta,Valencia,Comercial,17400,8.6,88.8,0.0,10,0,Apagado,47.39,0.0,Valle,4.67
1839,2025-12-31 14:00:00,Planta Logistica R2, Zaragoza,Industrial,26000,10.8,64.4,385.3,185,1,Calefaccion,166.98,102.13,Llano,10.59
473,2025-04-15 00:00:00,Campus Norte,Bilbao,Educativo,8600,12.1,94.0,0.0,84,1,Calefaccion,24.79,0.0,Valle,2.17
374,2025-01-05 08:00:00,Campus Norte,Bilbao,Educativo,8600,9.1,99.0,0.0,18,0,Apagado,15.24,0.0,Valle,1.49
1925,2025-03-26 00:00:00,Residencial Mirador,Barcelona,Residencial,9800,11.8,92.5,0.0,300,1,Calefaccion,104.24,0.0,Valle,9.2
3,2025-01-01 14:00:00,Torre Atlantida,Madrid,Oficinas,12500,13.2,77.9,292.7,30,0,Apagado,18.35,47.28,Valle,-1.17
330,2025-11-25 08:00:00,Torre Atlantida,Madrid,Oficinas,12500,8.0,66.9,0.0,344,1,Calefaccion,105.73,0.0,Llano,18.83
966,2025-08-17 08:00:00,Hospital Sur,Sevilla,Sanitario,21000,27.5,50.6,379.3,419,1,Refrigeracion,236.31,76.87,Valle,16.74
2205,2025-12-31 00:00:00,Residencial Mirador,Barcelona,Residencial,9800,7.8,85.6,0.0,308,1,Calefaccion,101.63,0.0,Valle,10.06
437,2025-03-10 00:00:00,Campus Norte,Bilbao,Educativo,8600,9.5,89.2,,11,1,Calefaccion,23.78,0.0,Valle,2.03
1014,2025-10-04 08:00:00,Hospital Sur,Sevilla,Sanitario,21000,21.1,44.0,171.8,391,0,Apagado,200.87,36.87,Valle,17.99
1089,2025-12-19 00:00:00,Hospital Sur,Sevilla,Sanitario,21000,3.5,77.8,0.0,156,1,Calefaccion,191.7,0.0,Valle,19.78
1161,2025-02-26 00:00:00,Centro Comercial Delta,Valencia,Comercial,17400,7.8,85.7,0.0,112,0,Apagado,47.9,0.0,Valle,4.35
1047,2025-11-05 14:00:00,Hospital Sur,Sevilla,Sanitario,21000,23.2,56.4,619.6,402,1,Ventilacion,201.74,118.79,Llano,14.38
1144,2025-02-06 20:00:00,Centro Comercial Delta,Valencia,Comercial,17400,,83.5,0.0,1260,1,Calefaccion,249.34,0.0,Punta,57.42
2186,2025-12-11 08:00:00,Residencial Mirador,Barcelona,Residencial,9800,10.6,74.8,0.0,67,1,Calefaccion,35.54,0.0,Llano,6.21
1732,2025-09-14 20:00:00,Planta Logistica R2,Zaragoza,Industrial,26000,22.4,54.8,0.0,62,0,Apagado,140.21,0.0,Valle,15.41
421,2025-02-22 00:00:00,Campus Norte,Bilbao,Educativo,8600,7.5,90.5,0.0,0,FALSE,Apagado,12.45,0.0,Valle,1.1
1294,2025-07-08 08:00:00,Centro Comercial Delta,Valencia,Comercial,17400,28.0,57.8,423.8,11,0,Apagado,30.9,45.67,Llano,-0.9
2013,2025-06-22 00:00:00,Residencial Mirador,Barcelona,Residencial,9800,18.2,63.3,0.0,324,0,Apagado,96.18,0.0,Valle,8.95
402,2025-02-02 08:00:00,Campus Norte,Bilbao,Educativo,8600,6.2,91.2,0.0,0,0,Apagado,11.92,0.0,Valle,1.15
154,2025-06-02 08:00:00,Torre Atlantida,Madrid,Oficinas,12500,20.9,45.8,402.3,368,no,Apagado,67.27,60.71,Llano,0.96
922,2025-07-04 08:00:00,Hospital Sur,Sevilla,Sanitario,21000,25.8,54.7,467.4,391,1, REFRIGERACION,214.53,91.38,Llano,18.89
1550,2025-03-18 08:00:00,Planta Logistica R2,Zaragoza,Industrial,26000,9.5,69.6,128.9,160,1,Calefaccion,166.84,37.0,Llano,18.89
1301,2025-07-16 00:00:00,Centro Comercial Delta,Valencia,Comercial,17400,25.4,71.8,0.0,23,FALSE,Apagado,48.2,0.0,Valle,4.67
254,2025-09-10 08:00:00,Torre Atlantida,Madrid,Oficinas,12500,20.0,56.3,273.6,284,0,Apagado,59.62,39.36,Llano,3.49
1602,2025-05-09 08:00:00,Planta Logistica R2,Zaragoza,Industrial,26000,16.0,50.4,357.4,180,0,Apagado,152.65,95.34,Llano,7.7
624,2025-09-10 20:00:00,Campus Norte,Bilbao,Educativo,8600,20.4,86.8,0.0,119,0,Apagado,24.21,0.0,Punta,6.57
1842,2025-01-01 08:00:00,Residencial Mirador,Barcelona,Residencial,9800,7.7,86.5,0.0,126,1,Calefaccion,50.51,0.0,Valle,5.09
258,2025-09-14 08:00:00,Torre Atlantida,Madrid,Oficinas,12500,17.9,55.5,232.3,0,0,Apagado,15.07,37.3,Valle,-0.97
246,2025-09-02 08:00:00,Torre Atlantida,MADRID,Oficinas,12500,18.3,57.5,273.0,333,0,Apagado,65.31,42.48,Llano,3.92
1995,2025-06-02 14:00:00,Residencial Mirador,Barcelona,Residencial,9800,25.6,57.1,702.7,60,1,Refrigeracion,20.4,0.0,Llano,2.95
1851,2025-01-09 14:00:00,Residencial Mirador,Barcelona,Residencial,9800,14.7,85.3,397.7,63,1,Ventilacion,,0.0,Llano,2.88
2101,2025-09-18 00:00:00,Residencial Mirador,Barcelona,Residencial,9800,18.7,67.3,0.0,306,0,Apagado,90.55,0.0,Valle,9.96
1491,2025-01-17 14:00:00,Planta Logistica R2,Zaragoza,Industrial,26000,12.0,65.9,416.8,154,1,Calefaccion,160.75,116.15,Llano,7.26
1384,2025-10-04 20:00:00,Centro Comercial Delta,Valencia,Comercial,17400,22.3,72.3,0.0,1584,0,Apagado,297.76,0.0,Valle,32.52
2016,2025-06-22 20:00:00,Residencial Mirador,Barcelona ,Residencial,9800,24.4,72.5,59.2,312,1,Refrigeracion,96.51,0.0,Valle,9.12
1986,2025-05-25 08:00:00,Residencial Mirador,Barcelona,Residencial,9800,20.2,71.5,430.2,108,0,Apagado,28.07,0.0,Valle,2.51
516,2025-05-25 20:00:00,Campus Norte,Bilbao,Educativo,8600,20.0,83.3,5.3,0,0,Apagado,13.48,0.4,Valle,1.14
17,2025-01-17 00:00:00,Torre Atlantida,Madrid,Oficinas,12500,-5.5,88.3,0.0,35,0,Apagado,26.91,0.0,Valle,2.66
503,2025-05-13 14:00:00,Campus Norte,Bilbao,Educativo,8600,22.1,74.8,652.4,737,0,Apagado,82.45,48.47,Llano,4.86
625,2025-09-14 00:00:00,Campus Norte,Bilbao,Educativo,8600,15.0,76.6,0.0,1,0,Apagado,12.65,0.0,Valle,1.35
147,2025-05-25 14:00:00,Torre Atlantida,Madrid,Oficinas,12500,27.2,56.6,743.4,0,0, APAGADO,16.91,108.02,Valle,-3.2
2164,2025-11-17 20:00:00,Residencial Mirador,Barcelona,Residencial,9800,11.2,82.6,0.0,310,1,Calefaccion,101.84,0.0,Punta,27.05
996,2025-09-14 20:00:00,Hospital Sur,Sevilla,Sanitario,21000,22.6,63.7,,440,0,Apagado,278.46,0.0,Valle,29.57
1712,2025-08-25 20:00:00,Planta Logistica R2,Zaragoza,Industrial,26000,24.1,57.7,0.0,158,1,Refrigeracion,256.59,0.0,Punta,67.97
1854,2025-01-13 08:00:00,Residencial Mirador,Barcelona,Residencial,9800,9.6,93.9,0.0,100,1,Calefaccion,36.98,0.0,Llano,5.69
1324,2025-08-05 20:00:00,Centro Comercial Delta,Valencia,Comercial,17400,25.8,59.2,0.0,1424,1,Refrigeracion,296.73,0.0,Punta,74.81
1561,2025-03-30 00:00:00,Planta Logistica R2,zaragoza,Industrial,26000,-999.0,71.3,0.0,30,1,Calefaccion,91.64,0.0,Valle,7.94
21,2025-01-21 00:00:00,Torre Atlantida,Madrid,Oficinas,12500,1.5,73.0,0.0,23,0,Apagado,24.83,0.0,Valle,2.42
2160,2025-11-13 20:00:00,Residencial Mirador,barcelona,Residencial,9800,13.4,86.1,0.0,295,1,Calefaccion,94.17,0.0,Punta,24.04
1951,2025-04-19 14:00:00,Residencial Mirador,Barcelona,Residencial,9800,20.4,71.7,488.6,123,0,Apagado,26.83,0.0,Valle,2.24
1470,2025-12-31 08:00:00,Centro Comercial Delta,Valencia,Comercial,17400,11.5,87.6,0.0,242,0,Apagado,54.92,0.0,Llano,8.67
7,2025-01-05 14:00:00,Torre Atlantida,Madrid,Oficinas,12500,11.0,64.7,475.8,0,no,Apagado,16.07,73.48,Valle,-2.37
274,2025-09-30 08:00:00,Torre Atlantida,Madrid,Oficinas,12500,11.6,68.5,133.4,372,1,Calefaccion,75.98,20.03,Llano,9.77
1095,2025-12-23 14:00:00,Hospital Sur, Sevilla ,Sanitario,21000,12.0,75.1,443.5,434,1,Calefaccion,213.65,82.13,Llano,22.03
1900,2025-02-26 20:00:00,Residencial Mirador,Barcelona,Residencial,9800,12.0,78.3,0.0,289,1,Calefaccion,96.32,0.0,Punta,21.43
2203,2025-12-27 14:00:00,Residencial Mirador,Barcelona,Residencial,9800,16.4,82.5,342.1,114,0,Apagado,26.95,0.0,Valle,2.78
260,2025-09-14 20:00:00,Torre Atlantida,Madrid,Oficinas,12500,22.0,52.3,0.0,0,0,Apagado,24.84,0.0,Valle,2.71
1134,2025-01-29 08:00:00,Centro Comercial Delta,Valencia,Comercial,17400,11.4,85.9,0.0,155,0, APAGADO,54.19,0.0,Llano,8.55
1259,2025-06-02 14:00:00,Centro Comercial Delta,Valencia,Comercial,17400,27.0,68.3,817.0,1311,Si,Refrigeracion,209.23,94.68,Llano,16.37
232,2025-08-17 20:00:00,Torre Atlantida, Madrid,Oficinas,12500,26.2,48.7,0.0,0,0,Apagado,23.36,0.0,Valle,2.45
1581,2025-04-19 00:00:00,Planta Logistica R2,Zaragoza,Industrial,26000,12.6,73.2,0.0,20,1,Calefaccion,83.55,0.0,Valle,7.14
1128,2025-01-21 20:00:00,Centro Comercial Delta,Valencia,Comercial,17400,14.5,,0.0,1374,si,Ventilacion,265.5,0.0,Punta,62.45
386,2025-01-17 08:00:00,Campus Norte,Bilbao,Educativo,8600,5.8,97.0,0.0,771,1,Calefaccion,113.82,0.0,Llano,17.72
1380,2025-09-30 20:00:00,Centro Comercial Delta,Valencia,Comercial,17400,20.0,73.8,0.0,1239,0,Apagado,270.79,0.0,Punta,73.41
1264,2025-06-06 20:00:00,Centro Comercial Delta,Valencia,Comercial,17400,27.4,69.7,,1332,1,Refrigeracion,307.9,5.45,Punta,67.45
626,2025-09-14 08:00:00,Campus Norte,Bilbao,Educativo,8600,15.0,85.7,208.2,0,0,Apagado,8.08,16.31,Valle,-0.35
164,2025-06-10 20:00:00,Torre Atlantida,Madrid,Oficinas,12500,25.4,45.0,66.1,48,si,Refrigeracion,40.52,9.9,Punta,7.17
272,2025-09-26 20:00:00,Torre Atlantida,Madrid,Oficinas,12500,18.5,50.8,0.0,63,0,Apagado,37.44,0.0,Punta,9.97
64,2025-03-02 20:00:00,Torre Atlantida,Madrid,Oficinas,12500,10.6,72.8,0.0,52,0,Apagado,27.55,0.0,Valle,2.5
1853,2025-01-13 00:00:00,Residencial Mirador,Barcelona,Residencial,9800,6.8,98.3,,330,1,Calefaccion,100.33,0.0,Valle,9.98
1960,2025-04-27 20:00:00,Residencial Mirador,Barcelona,Residencial,9800,20.5,68.6,0.0,310,0,Apagado,109.9,0.0,Valle,9.54
1955,2025-04-23 14:00:00,Residencial Mirador,Barcelona,Residencial,9800,22.8,64.3,636.4,80,0,Apagado,20.18,0.0,Llano,2.73
95,2025-04-03 14:00:00,Torre Atlantida,Madrid,Oficinas,12500,21.0,46.0,577.6,607,0,Apagado,109.25,87.83,Llano,2.97
293,2025-10-20 00:00:00,Torre Atlantida,Madrid,Oficinas,12500,9.1,71.4,0.0,5,0,Apagado,24.62,0.0,Valle,2.69
209,2025-07-28 00:00:00,Torre Atlantida,Madrid,Oficinas,12500,22.2,,0.0,19,0,Apagado,22.12,0.0,Valle,2.23
2193,2025-12-19 00:00:00,Residencial Mirador,Barcelona,Residencial,9800,6.7,76.7,0.0,301,1, CALEFACCION,104.63,0.0,Valle,10.45
45,2025-02-14 00:00:00,Torre Atlantida,Madrid,Oficinas,12500,2.0,69.1,0.0,0,0,Apagado,22.69,0.0,Valle,2.04
1869,2025-01-29 00:00:00,Residencial Mirador,Barcelona,Residencial,9800,7.0,96.8,0.0,300,Si,Calefaccion,99.7,0.0,Valle,9.95
1673,2025-07-20 00:00:00,Planta Logistica R2,Zaragoza,Industrial,26000,24.8,57.6,0.0,20,1,Refrigeracion,,0.0,Valle,8.19
502,2025-05-13 08:00:00,Campus Norte, Bilbao,Educativo,8600,12.2,78.5,294.2,844,1,Calefaccion,91.74,22.11,Llano,9.56
836,2025-04-07 20:00:00,Hospital Sur,Sevilla,Sanitario,21000,22.6,68.3,0.0,407,0,Apagado,300.74,0.0,Punta,63.76
417,2025-02-18 00:00:00,Campus Norte,Bilbao,Educativo,8600,4.2,92.5,0.0,139,1,Calefaccion,32.95,0.0,Valle,3.14
2047,2025-07-24 14:00:00,Residencial Mirador,Barcelona,Residencial,9800,28.2,66.1,850.6,78,1,Refrigeracion,24.62,0.0,Llano,3.99
1828,2025-12-19 20:00:00,Planta Logistica R2,Zaragoza,Industrial,26000,7.6,79.7,0.0,185,1,Calefaccion,273.29,0.0,Punta,69.93
2059,2025-08-05 14:00:00,Residencial Mirador,Barcelona,Residencial,9800,24.3,64.0,929.3,78,1,Refrigeracion,20.7,0.0,Llano,3.28
353,2025-12-19 00:00:00,Torre Atlantida,MADRID,Oficinas,12500,-1.3,,0.0,0,0,Apagado,23.91,0.0,Valle,2.44
850,2025-04-23 08:00:00,Hospital Sur,Sevilla,Sanitario,21000,17.6,68.9,202.4,454,0,Apagado,196.61,39.13,Llano,21.29
1203,2025-04-07 14:00:00,Centro Comercial Delta,Valencia,Comercial,17400,23.1,67.8,743.3,1393,1,Ventilacion,194.86,87.24,Llano,15.2
282,2025-10-08 08:00:00,Torre Atlantida,Madrid,Oficinas,12500,8.4,70.9,122.3,387,1,Calefaccion,82.87,20.37,Llano,11.13
78,2025-03-18 08:00:00,Torre Atlantida,Madrid,Oficinas,12500,8.4,77.0,126.5,381,1,Calefaccion,71.65,17.51,Llano,7.62
1814,2025-12-07 08:00:00,Planta Logistica R2,Zaragoza,Industrial,26000,5.8,65.0,0.0,82,1,Calefaccion,145.13,0.0,Valle,15.05
169,2025-06-18 00:00:00,Torre Atlantida,Madrid,Oficinas,12500,21.1,55.6,0.0,0,0,Apagado,23.74,0.0,Valle,2.14
2208,2025-12-31 20:00:00,Residencial Mirador,Barcelona,Residencial,9800,10.5,98.9,0.0,311,si,Calefaccion,100.17,0.0,Punta,25.28
203,2025-07-20 14:00:00,Torre Atlantida,Madrid,Oficinas,12500,31.8,45.6,895.6,6,0,Apagado,17.49,120.68,Valle,
645,2025-10-04 00:00:00,Campus Norte,Bilbao,Educativo,8600,10.4,90.6,0.0,22,0,Apagado,12.28,0.0,Valle,1.31
2107,2025-09-22 14:00:00,Residencial Mirador,Barcelona,Residencial,9800,,79.8,598.6,63,0,Apagado,16.79,0.0,Llano,2.84
961,2025-08-13 00:00:00,Hospital Sur, Sevilla,Sanitario,21000,25.3,48.4,0.0,245,1,Refrigeracion,187.62,0.0,Valle,18.86
1931,2025-03-30 14:00:00,Residencial Mirador,Barcelona,Residencial,9800,20.7,80.1,504.3,122,0,Apagado,28.06,0.0,Valle,2.47
977,2025-08-29 00:00:00,Hospital Sur,Sevilla,Sanitario,21000,20.1,59.9,0.0,211,0,Apagado,162.73,0.0,Valle,16.14
1317,2025-08-01 00:00:00,Centro Comercial Delta,Valencia,Comercial,17400,21.4,71.7,0.0,171,0,Apagado,56.76,0.0,Valle,5.64
496,2025-05-05 20:00:00,Campus Norte,Bilbao,Educativo,8600,18.0,77.2,0.0,118,0,Apagado,227.92,0.0,Punta,5.48
1300,2025-07-12 20:00:00,Centro Comercial Delta,Valencia,Comercial,17400,30.8,114.1,59.8,1564,1,Refrigeracion,308.21,7.16,Valle,29.89
542,2025-06-22 08:00:00,Campus Norte,Bilbao,Educativo,8600,20.3,93.1,212.2,12,0,Apagado,9.46,17.06,Valle,-0.28
723,2025-12-19 14:00:00,Campus Norte,Bilbao,Educativo,8600,10.2,99.0,194.4,759,1,Calefaccion,85.3,14.49,Llano,11.78
1357,2025-09-10 00:00:00,Centro Comercial Delta,Valencia,Comercial,17400,17.3,76.4,0.0,158,0,Apagado,53.68,0.0,Valle,5.68
1920,2025-03-18 20:00:00,Residencial Mirador,Barcelona,Residencial,9800,12.3,92.7,0.0,335,TRUE,Calefaccion,99.62,0.0,Punta,21.08
620,2025-09-06 20:00:00,Campus Norte,Bilbao,Educativo,8600,19.7,71.6,0.0,0,0,Apagado,12.13,0.0,Valle,1.33
1964,2025-05-01 20:00:00,Residencial Mirador,Barcelona,Residencial,9800,18.5,84.6,0.0,302,0,Apagado,101.7,0.0,Valle,9.05
138,2025-05-17 08:00:00,Torre Atlantida,Madrid,Oficinas,12500,18.9,54.6,339.3,0,0,Apagado,16.25,51.41,Valle,-1.24
933,2025-07-16 00:00:00,Hospital Sur,Sevilla,Sanitario,21000,22.8,,0.0,220,0,Apagado,161.96,0.0,Valle,15.87
788,2025-02-18 20:00:00,Hospital Sur,Sevilla,Sanitario,21000,14.3,71.0,0.0,390,1,Calefaccion,282.0,0.0,Punta,63.73
883,2025-05-25 14:00:00,Hospital Sur,Sevilla,Sanitario,21000,33.5,44.5,842.4,418,TRUE,Refrigeracion,221.55,160.8,Valle,5.32
391,2025-01-21 14:00:00,Campus Norte,Bilbao,Educativo,8600,10.4,99.0,255.0,779,1,Calefaccion,83.25,19.2,Llano,9.7
249,2025-09-06 00:00:00,Torre Atlantida,Madrid,Oficinas,12500,19.8,58.0,0.0,12,0,Apagado,23.66,0.0,Valle,2.53
1282,2025-06-26 08:00:00,Centro Comercial Delta,Valencia,Comercial,17400,23.0,61.6,446.4,91,0,Apagado,38.3,56.44,Llano,-1.13
2084,2025-08-29 20:00:00,Residencial Mirador,Barcelona,Residencial,9800,24.5,70.6,0.0,321,1,Refrigeracion,103.15,0.0,Punta,26.39
108,2025-04-15 20:00:00,Torre Atlantida,Madrid,Oficinas,12500,14.7,62.8,0.0,93,1,Ventilacion,37.98,0.0,Punta,8.06
1982,2025-05-21 08:00:00,Residencial Mirador,Barcelona,Residencial,9800,19.4,76.4,297.9,106,0,Apagado,20.98,0.0,Llano,2.86
1597,2025-05-05 00:00:00,Planta Logistica R2,Zaragoza,Industrial,26000,16.0,58.5,0.0,60,0,Apagado,113.81,0.0,Valle,9.86
79,2025-03-18 14:00:00,Torre Atlantida,Madrid,Oficinas,12500,17.0,52.8,454.1,622,0,Apagado,101.84,74.89,Llano,3.81
314,2025-11-09 08:00:00,Torre Atlantida,Madrid,Oficinas,12500,11.5,79.5,0.0,3,0,Apagado,23.4,0.0,Valle,2.51
1623,2025-05-29 14:00:00,Planta Logistica R2,Zaragoza,Industrial,26000,31.5,44.2,882.0,184,1,Refrigeracion,186.84,233.11,Llano,-2.6
406,2025-02-06 08:00:00,Campus Norte,Bilbao,Educativo,8600,7.0,99.0,29.6,708,1,Calefaccion,121.56,2.49,Llano,17.78
968,2025-08-17 20:00:00,Hospital Sur,Sevilla,Sanitario,21000,28.5,44.5,0.0,391,1,Refrigeracion,289.38,0.0,Valle,30.73
1406,2025-10-28 08:00:00,Centro Comercial Delta,Valencia,Comercial,17400,14.2,82.1,22.0,216,0,Apagado,60.57,2.76,Llano,10.5
672,2025-10-28 20:00:00,Campus Norte,Bilbao,Educativo,8600,14.7,87.4,0.0,0,1,Ventilacion,17.89,0.0,Punta,4.88
153,2025-06-02 00:00:00,Torre Atlantida,Madrid,Oficinas,12500,18.7,51.6,0.0,41,0,Apagado,26.97,0.0,Valle,2.38
866,2025-05-09 08:00:00,Hospital Sur,Sevilla,Sanitario,21000,20.5,50.5,322.6,439,0,Apagado,193.64,61.15,Llano,18.93
2114,2025-09-30 08:00:00,Residencial Mirador,Barcelona,Residencial,9800,15.9,79.7,168.6,73,1,Ventilacion,19.79,0.0,Llano,3.43
1934,2025-04-03 08:00:00,Residencial Mirador,Barcelona,Residencial,9800,14.6,,129.3,59,1,Ventilacion,18.88,0.0,Llano,2.67
212,2025-07-28 20:00:00,Torre Atlantida,Madrid,Oficinas,12500,25.5,52.7,40.2,111,1,Refrigeracion,46.35,6.07,Punta,9.81
2032,2025-07-08 20:00:00,Residencial Mirador,Barcelona,Residencial,9800,22.6,70.3,65.3,302,0,Apagado,95.74,0.0,Punta,23.18
196,2025-07-12 20:00:00,Torre Atlantida,Madrid,Oficinas,12500,24.8,46.4,102.4,0,0,Apagado,23.9,14.85,Valle,0.88
1967,2025-05-05 14:00:00,Residencial Mirador,Barcelona,Residencial,9800,23.6,66.6,650.5,56,1,Ventilacion,18.15,0.0,Llano,2.56
1681,2025-07-28 00:00:00,Planta Logistica R2,Zaragoza,Industrial,26000,20.1,60.2,0.0,51,0,Apagado,107.04,0.0,Valle,10.39
441,2025-03-14 00:00:00,Campus Norte,Bilbao,Educativo,8600,11.8,83.9,0.0,115,1, CALEFACCION,27.56,0.0,Valle,2.47
233,2025-08-21 00:00:00,Torre Atlantida,Madrid,Oficinas,12500,15.5,66.8,0.0,0,0,Apagado,23.03,0.0,Valle,2.41
807,2025-03-10 14:00:00,Hospital Sur,Sevilla,Sanitario,21000,19.4,73.4,417.0,415,0,Apagado,210.67,94.97,Llano,16.04
944,2025-07-24 20:00:00,Hospital Sur,Sevilla,Sanitario,21000,31.1,51.8,40.9,388,1,Refrigeracion,299.73,7.29,Punta,69.78
1619,2025-05-25 14:00:00,Planta Logistica R2,Zaragoza,Industrial,26000,26.9,69.1,691.6,59,1,Refrigeracion,95.51,173.89,Valle,-2.82
1437,2025-11-29 00:00:00,Centro Comercial Delta,Valencia,Comercial,17400,9.4,76.9,0.0,0,1, CALEFACCION,55.18,0.0,Valle,5.82
1624,2025-05-29 20:00:00,Planta Logistica R2,Zaragoza,Industrial,26000,24.1,55.1,40.3,160,1,Refrigeracion,238.78,10.26,Punta,49.36
2179,2025-12-03 14:00:00,Residencial Mirador,Barcelona,Residencial,9800,18.2,75.6,370.1,61,0,Apagado,18.29,0.0,Llano,3.15
1629,2025-06-06 00:00:00,Planta Logistica R2,Zaragoza,Industrial,26000,,56.0,0.0,60,0,Apagado,111.15,0.0,Valle,10.15
1309,2025-07-24 00:00:00,Centro Comercial Delta,Valencia,Comercial,17400,22.8,58.6,0.0,0,0,Apagado,43.4,0.0,Valle,4.09
351,2025-12-15 14:00:00,Torre Atlantida,Madrid,Oficinas,12500,9.2,89.0,323.7,532,1,Calefaccion,107.09,46.56,Llano,10.1
29,2025-01-29 00:00:00,Torre Atlantida,Madrid,Oficinas,12500,3.0,73.5,0.0,16,No,Apagado,24.55,0.0,Valle,2.34
1422,2025-11-13 08:00:00,Centro Comercial Delta,Valencia,Comercial,17400,9.6,82.8,0.0,66,0,Apagado,50.05,0.0,Llano,8.95
2062,2025-08-09 08:00:00,Residencial Mirador,Barcelona,Residencial,9800,24.5,68.8,313.8,102,1,Refrigeracion,28.07,0.0,Valle,2.81
92,2025-03-30 20:00:00,Torre Atlantida,Madrid,Oficinas,12500,14.0,59.2,0.0,0,No,Apagado,24.46,0.0,Valle,2.16
2077,2025-08-25 00:00:00,Residencial Mirador,Barcelona,Residencial,9800,18.9,82.4,0.0,314,0,Apagado,94.49,0.0,Valle,9.86
1856,2025-01-13 20:00:00,Residencial Mirador,Barcelona,Residencial,9800,8.7,85.8,0.0,290,1,Calefaccion,98.24,0.0,Punta,23.85
565,2025-07-16 00:00:00,Campus Norte,Bilbao,Educativo,8600,15.1,86.7,0.0,0,0,Apagado,11.42,0.0,Valle,1.13
1671,2025-07-16 14:00:00,Planta Logistica R2,Zaragoza,Industrial,26000,32.4,40.5,901.0,149,1,Refrigeracion,189.13,234.86,Llano,-2.79
570,2025-07-20 08:00:00,Campus Norte,Bilbao,Educativo,8600,19.6,74.8,301.8,10,0,Apagado,8.65,22.51,Valle,-0.54
2118,2025-10-04 08:00:00,Residencial Mirador,Barcelona,Residencial,9800,17.9,73.4,131.0,125,0,Apagado,26.5,0.0,Valle,2.79
1396,2025-10-16 20:00:00,Centro Comercial Delta,Valencia,Comercial,17400,19.6,75.6,0.0,1360,0, APAGADO,276.61,0.0,Punta,75.46
1078,2025-12-07 08:00:00,Hospital Sur,Sevilla,Sanitario,21000,8.4,77.3,0.0,412,1,Calefaccion,322.5,0.0,Valle,34.22
2083,2025-08-29 14:00:00,Residencial Mirador,Barcelona,Residencial,9800,26.5,60.3,772.2,74,1,Refrigeracion,24.48,0.0,Llano,4.05
432,2025-03-02 20:00:00,Campus Norte,Bilbao,Educativo,8600,7.6,99.0,0.0,0,0,Apagado,12.05,0.0,Valle,1.1
2134,2025-10-20 08:00:00,Residencial Mirador,Barcelona,Residencial,9800,16.2,77.6,82.9,66,0,Apagado,31.91,0.0,Llano,5.62
646,2025-10-04 08:00:00,Campus Norte,Bilbao,Educativo,8600,18.8,83.3,97.1,96,0,Apagado,17.32,6.79,Valle,1.17
1715,2025-08-29 14:00:00,Planta Logistica R2,Zaragoza,Industrial,26000,30.0,58.2,788.6,161,1,Refrigeracion,162.12,234.53,Llano,-5.02
175,2025-06-22 14:00:00,Torre Atlantida,Madrid,Oficinas,12500,29.6,36.2,903.6,49,FALSE,Apagado,17.99,133.51,Valle,-4.17
1368,2025-09-18 20:00:00,Centro Comercial Delta,Valencia,Comercial,17400,24.5,68.9,,1386,1,Refrigeracion,278.4,0.0,Punta,74.11
190,2025-07-08 08:00:00,Torre Atlantida,Madrid,Oficinas,12500,22.4,53.8,427.8,420,0,Apagado,67.47,70.19,Llano,-0.17
204,2025-07-20 20:00:00,Torre Atlantida,Madrid,Oficinas,12500,23.2,47.9,1.3,21,0,Apagado,26.56,0.22,Valle,2.55
1614,2025-05-21 08:00:00,Planta Logistica R2,Zaragoza,Industrial,26000,21.7,58.1,326.0,163,0,Apagado,142.52,84.65,Llano,8.11
687,2025-11-13 14:00:00,Campus Norte,Bilbao,Educativo,8600,14.9,79.7,466.9,774,1,Ventilacion,85.43,35.07,Llano,8.61
1050,2025-11-09 08:00:00,Hospital Sur,Sevilla,Sanitario,21000,14.1,71.0,0.0,413,1,Calefaccion,291.98,0.0,Valle,32.03
452,2025-03-22 20:00:00,Campus Norte,Bilbao,Educativo,8600,12.5,99.0,0.0,53,0,Apagado,14.91,0.0,Valle,1.31
1815,2025-12-07 14:00:00,Planta Logistica R2,Zaragoza,Industrial,26000,13.4,71.1,387.7,55,1,Calefaccion,92.21,102.26,Valle,-0.42
419,2025-02-18 14:00:00,Campus Norte,Bilbao,Educativo,8600,11.1,81.4,390.5,808,1,Calefaccion,76.22,28.04,Llano,7.24
955,2025-08-05 14:00:00,Hospital Sur,Sevilla,Sanitario,21000,34.0,47.0,896.2,369,1, REFRIGERACION,244.45,182.33,Llano,9.96
524,2025-06-02 20:00:00,Campus Norte,Bilbao,Educativo,8600,19.6,91.7,39.7,114,0,Apagado,24.82,2.87,Punta,4.84
863,2025-05-05 14:00:00,Hospital Sur,Sevilla,Sanitario,21000,30.0,51.8,756.5,397,1, REFRIGERACION,220.65,151.17,Llano,9.61
499,2025-05-09 14:00:00,Campus Norte,Bilbao,Educativo,8600,20.1,83.8,510.5,845,0,Apagado,83.18,39.02,Llano,6.09
1374,2025-09-26 08:00:00,Centro Comercial Delta,Valencia,Comercial,17400,20.1,,159.2,229,0, APAGADO,45.13,19.39,Llano,4.52
54,2025-02-22 08:00:00,Torre Atlantida,Madrid,Oficinas,12500,3.0,64.2,69.1,0,0,Apagado,23.95,10.77,Valle,1.18
420,2025-02-18 20:00:00,Campus Norte,Bilbao,Educativo,8600,10.4,79.6,0.0,82,1,Calefaccion,27.68,0.0,Punta,6.59
26,2025-01-25 08:00:00,Torre Atlantida,Madrid,Oficinas,12500,3.1,75.1,0.0,0,0,Apagado,24.44,0.0,Valle,2.36
34,2025-02-02 08:00:00,Torre Atlantida,Madrid,Oficinas,12500,4.0,73.9,0.0,70,0,Apagado,26.71,0.0,Valle,2.51
94,2025-04-03 08:00:00,Torre Atlantida,Madrid,Oficinas,12500,9.1,69.3,213.1,303,1,Calefaccion,69.74,31.09,Llano,5.29
1509,2025-02-06 00:00:00,Planta Logistica R2,Zaragoza,Industrial,26000,2.0,77.6,0.0,43,1,Calefaccion,129.76,0.0,Valle,12.05
1270,2025-06-14 08:00:00,Centro Comercial Delta,Valencia,Comercial,17400,24.8,62.8,363.5,297,1,Refrigeracion,237.85,43.93,Valle,1.29
1537,2025-03-06 00:00:00,Planta Logistica R2,Zaragoza,Industrial,26000,4.0,87.4,0.0,55,1,Calefaccion,120.77,0.0,Valle,10.56
106,2025-04-15 08:00:00,Torre Atlantida,Madrid,Oficinas,12500,11.5,55.5,233.4,381,1,Calefaccion,65.31,34.61,Llano,4.17
1385,2025-10-08 00:00:00,Centro Comercial Delta,Valencia,Comercial,17400,17.7,85.1,0.0,142,0, APAGADO,52.08,0.0,Valle,5.67
1978,2025-05-17 08:00:00,Residencial Mirador,Barcelona,Residencial,9800,18.5,82.5,316.4,121,0,Apagado,28.15,0.0,Valle,2.47
501,2025-05-13 00:00:00,Campus Norte,Bilbao,Educativo,8600,15.1,85.9,0.0,45,1,Ventilacion,18.24,0.0,Valle,1.61
320,2025-11-13 20:00:00,Torre Atlantida,Madrid,Oficinas,12500,9.7,65.3,0.0,137,1,Calefaccion,45.71,0.0,Punta,11.95
157,2025-06-06 00:00:00,Torre Atlantida,Madrid,Oficinas,12500,17.8,58.1,0.0,0,0,Apagado,22.62,0.0,Valle,2.07
2098,2025-09-14 08:00:00,Residencial Mirador,Barcelona,Residencial,9800,21.7,71.9,196.7,97,0,Apagado,24.1,0.0,Valle,2.57
234,2025-08-21 08:00:00,Torre Atlantida,Madrid,Oficinas,12500,21.7,56.6,367.9,337,0,Apagado,65.82,56.4,Llano,1.61
1405,2025-10-28 00:00:00,Centro Comercial Delta,Valencia,Comercial,17400,13.1,84.0,0.0,46,0,Apagado,49.8,0.0,Valle,5.35
1933,2025-04-03 00:00:00,Residencial Mirador,Barcelona,Residencial,9800,12.0,81.0,0.0,312,1,Calefaccion,101.05,0.0,Valle,8.83
1028,2025-10-16 20:00:00,Hospital Sur,Sevilla,Sanitario,21000,22.2,56.6,0.0,412,0,Apagado,311.22,0.0,Punta,84.81
1956,2025-04-23 20:00:00,Residencial Mirador,Barcelona,Residencial,9800,16.4,83.3,0.0,282,no,Apagado,99.27,0.0,Punta,21.45
577,2025-07-28 00:00:00,Campus Norte,Bilbao,Educativo,8600,16.1,88.8,0.0,0,no,Apagado,12.28,0.0,Valle,1.26
1059,2025-11-17 14:00:00,Hospital Sur,Sevilla,Sanitario,21000,20.3,63.1,599.4,407,0,Apagado,190.67,122.92,Llano,11.74
1881,2025-02-10 00:00:00,Residencial Mirador,Barcelona,Residencial,9800,4.4,87.0,0.0,291,1,Calefaccion,103.7,0.0,Valle,10.08
310,2025-11-05 08:00:00,Torre Atlantida,Madrid,Oficinas,12500,7.1,72.4,7.4,337,1,Calefaccion,100.78,1.15,Llano,17.81
583,2025-08-01 14:00:00,Campus Norte,Bilbao,Educativo,8600,25.4,82.9,514.7,0,0, APAGADO,7.49,39.48,Llano,-2.08
1126,2025-01-21 08:00:00,Centro Comercial Delta,Valencia,Comercial,17400,9.7,83.8,0.0,64,0,Apagado,49.8,0.0,Llano,7.84
981,2025-09-02 00:00:00,Hospital Sur,Sevilla,Sanitario,21000,22.4,58.2,0.0,242,0,Apagado,164.98,0.0,Valle,16.96
995,2025-09-14 14:00:00,Hospital Sur, Sevilla,Sanitario,21000,29.7,59.3,711.3,429,1,Refrigeracion,228.28,135.82,Valle,9.93
1655,2025-06-30 14:00:00,Planta Logistica R2,Zaragoza,Industrial,26000,34.5,33.7,857.6,153,1,Refrigeracion,191.65,232.79,Llano,-2.46
390,2025-01-21 08:00:00,Campus Norte,Bilbao,Educativo,8600,6.5,89.0,0.0,813,Si,Calefaccion,119.3,0.0,Llano,19.12
2117,2025-10-04 00:00:00,Residencial Mirador,Barcelona,Residencial,9800,13.8,82.1,0.0,278,1,Calefaccion,93.81,0.0,Valle,10.39
1163,2025-02-26 14:00:00,Centro Comercial Delta,Valencia,Comercial,17400,16.3,73.0,592.7,1394,0,Apagado,203.26,71.5,Llano,19.43
559,2025-07-08 14:00:00,Campus Norte,Bilbao,Educativo,8600,24.2,81.1,576.4,48,0,Apagado,10.48,42.63,Llano,-1.95
305,2025-11-01 00:00:00,Torre Atlantida,Madrid,Oficinas,12500,4.7,57.1,0.0,32,0,Apagado,26.06,0.0,Valle,2.74
1527,2025-02-22 14:00:00,Planta Logistica R2,Zaragoza,Industrial,26000,12.9,74.3,492.4,64,Si,Calefaccion,85.48,136.27,Valle,-1.88
1224,2025-04-27 20:00:00,Centro Comercial Delta,Valencia,Comercial,17400,20.4,70.4,0.0,1520,0,Apagado,310.06,0.0,Valle,26.08
208,2025-07-24 20:00:00,Torre Atlantida,Madrid,Oficinas,12500,26.6,48.0,28.7,149,1,Refrigeracion,50.19,4.03,Punta,11.24
897,2025-06-10 00:00:00,Hospital Sur,Sevilla,Sanitario,21000,22.4,46.1,0.0,190,0,Apagado,169.67,0.0,Valle,15.59
443,2025-03-14 14:00:00,Campus Norte,Bilbao,Educativo,8600,13.5,85.6,433.8,720,1,Calefaccion,86.13,31.26,Llano,7.74
222,2025-08-09 08:00:00,Torre Atlantida,Madrid,Oficinas,12500,20.5,43.8,380.2,22,0,Apagado,16.06,58.48,Valle,-1.73
999,2025-09-18 14:00:00,Hospital Sur,Sevilla,Sanitario,21000,31.9,39.6,677.0,399,1,Refrigeracion,232.95,137.24,Llano,16.41
1196,2025-03-30 20:00:00,Centro Comercial Delta,Valencia,Comercial,17400,17.7,69.6,0.0,1574,0,Apagado,331.0,0.0,Valle,28.57
1124,2025-01-17 20:00:00,Centro Comercial Delta,Valencia,Comercial,17400,13.3,81.5,0.0,1363,1,Calefaccion,268.51,0.0,Punta,63.88
521,2025-06-02 00:00:00,Campus Norte,Bilbao,Educativo,8600,17.4,81.7,0.0,174,No,Apagado,28.69,0.0,Valle,2.59
1331,2025-08-13 14:00:00,Centro Comercial Delta,Valencia,Comercial,17400,33.7,74.9,533.1,1427,1,Refrigeracion,223.84,64.46,Llano,26.57
681,2025-11-09 00:00:00,Campus Norte,Bilbao,Educativo,8600,11.5,90.2,0.0,35,0,Apagado,13.42,0.0,Valle,1.43
1618,2025-05-25 08:00:00,Planta Logistica R2,Zaragoza,Industrial,26000,19.0,65.8,402.3,80,0,Apagado,82.21,106.1,Valle,-0.85
811,2025-03-14 14:00:00,Hospital Sur,Sevilla,Sanitario,21000,22.6,66.5,452.6,359,0,Apagado,182.31,92.82,Llano,12.68
909,2025-06-22 00:00:00,Hospital Sur,Sevilla,Sanitario,21000,,42.5,0.0,217,1,Ventilacion,165.96,0.0,Valle,15.8
23,2025-01-21 14:00:00,Torre Atlantida,Madrid,Oficinas,12500,8.1,67.1,476.3,623,1,Calefaccion,109.12,71.4,Llano,5.91
1621,2025-05-29 00:00:00,Planta Logistica R2,Zaragoza,Industrial,26000,17.4,,0.0,41,No,Apagado,112.36,0.0,Valle,10.37
337,2025-12-03 00:00:00,Torre Atlantida,Madrid,Oficinas,12500,0.5,84.4,0.0,0,0,Apagado,22.44,0.0,Valle,2.41
408,2025-02-06 20:00:00,Campus Norte,Bilbao,Educativo,8600,7.5,99.0,0.0,0,1,Calefaccion,23.26,0.0,Punta,5.45
393,2025-01-25 00:00:00,Campus Norte,Bilbao,Educativo,8600,8.2,92.3,0.0,0,0,Apagado,12.44,0.0,Valle,1.2
1342,2025-08-25 08:00:00,Centro Comercial Delta,Valencia,Comercial,17400,21.3,67.7,292.3,181,0,Apagado,42.78,38.41,Llano,0.73
1332,2025-08-13 20:00:00,Centro Comercial Delta,Valencia,Comercial,17400,24.9,59.6,0.0,1492,1,Refrigeracion,296.44,0.0,Punta,70.35
2171,2025-11-25 14:00:00,Residencial Mirador,Barcelona,Residencial,9800,17.0,73.4,541.9,84,0,Apagado,20.5,0.0,Llano,3.55
2138,2025-10-24 08:00:00,Residencial Mirador,Barcelona,Residencial,9800,12.3,77.6,1.0,55,1,Calefaccion,32.39,0.0,Llano,5.54
1970,2025-05-09 08:00:00,Residencial Mirador,Barcelona,Residencial,9800,17.5,80.3,260.8,78,0,Apagado,17.81,0.0,Llano,2.52
1430,2025-11-21 08:00:00,Centro Comercial Delta,Valencia,Comercial,17400,15.5,72.9,0.0,46,0,Apagado,49.67,0.0,Llano,8.7
1105,2025-01-01 00:00:00,Centro Comercial Delta,Valencia,Comercial,17400,7.7,89.8,0.0,102,0,Apagado,55.33,0.0,Valle,5.62
1018,2025-10-08 08:00:00,Hospital Sur,Sevilla,Sanitario,21000,18.8,55.5,128.3,,0,Apagado,190.83,25.04,Llano,28.2
1709,2025-08-25 00:00:00,Planta Logistica R2,Zaragoza,Industrial,26000,21.5,54.9,0.0,41,0,Apagado,106.04,0.0,Valle,10.94
161,2025-06-10 00:00:00,Torre Atlantida,Madrid,Oficinas,12500,17.0,44.9,0.0,3,0,Apagado,22.4,0.0,Valle,2.02
1516,2025-02-10 20:00:00,Planta Logistica R2,Zaragoza,Industrial,26000,8.7,77.0,0.0,167,1,Calefaccion,259.36,0.0,Punta,60.77
1983,2025-05-21 14:00:00,Residencial Mirador,Barcelona,Residencial,9800,,60.1,834.0,59,0,Apagado,17.93,0.0,Llano,2.52
963,2025-08-13 14:00:00,Hospital Sur,Sevilla,Sanitario,21000,33.7,41.0,869.7,405,1,Refrigeracion,224.26,182.85,Llano,6.8
1855,2025-01-13 14:00:00,Residencial Mirador,Barcelona,Residencial,9800,17.3,85.0,263.3,59,0,Apagado,17.68,0.0,Llano,2.75
1112,2025-01-05 20:00:00,Centro Comercial Delta,Valencia,Comercial,17400,11.6,64.0,0.0,1581,1,Calefaccion,355.75,0.0,Valle,35.79
1836,2025-12-27 20:00:00,Planta Logistica R2,Zaragoza,Industrial,26000,8.6,87.8,,76,1,Calefaccion,137.44,0.0,Valle,13.43
1395,2025-10-16 14:00:00,Centro Comercial Delta,Valencia,Comercial,17400,20.3,68.6,605.9,1340,0,Apagado,,70.48,Llano,26.54
18,2025-01-17 08:00:00,Torre Atlantida,Madrid,Oficinas,12500,0.6,67.5,0.0,272,1,Calefaccion,117.44,0.0,Llano,18.49
1258,2025-06-02 08:00:00,Centro Comercial Delta,Valencia,Comercial,17400,22.7,69.8,264.5,142,0,Apagado,41.88,34.91,Llano,0.99
2128,2025-10-12 20:00:00,Residencial Mirador,Barcelona,Residencial,9800,15.8,68.7,0.0,321,1,Ventilacion,89.6,0.0,Valle,9.78
1236,2025-05-09 20:00:00,Centro Comercial Delta,Valencia,Comercial,17400,21.8,71.3,0.0,1403,0,Apagado,280.23,0.0,Punta,60.78
582,2025-08-01 08:00:00,Campus Norte,Bilbao,Educativo,8600,22.3,90.7,180.3,40,0,Apagado,9.73,14.45,Llano,-0.31
2133,2025-10-20 00:00:00,Residencial Mirador,Barcelona,Residencial,9800,15.6,70.9,0.0,297,1,Ventilacion,108.32,0.0,Valle,12.14
135,2025-05-13 14:00:00,Torre Atlantida,Madrid,Oficinas,12500,27.0,61.3,640.4,561,TRUE, REFRIGERACION,109.13,95.79,Llano,1.89
2125,2025-10-12 00:00:00,Residencial Mirador, Barcelona ,Residencial,9800,12.6,84.5,0.0,318,1,Calefaccion,94.02,0.0,Valle,10.42
1888,2025-02-14 20:00:00,Residencial Mirador,barcelona,Residencial,9800,7.8,90.9,,322,1,Calefaccion,111.54,0.0,Punta,25.74
1295,2025-07-08 14:00:00,Centro Comercial Delta,Valencia,Comercial,17400,30.0,57.4,,1360,1,Refrigeracion,229.93,111.79,Llano,17.93
342,2025-12-07 08:00:00,Torre Atlantida,Madrid,Oficinas,12500,4.5,59.2,0.0,47,0,Apagado,27.43,0.0,Valle,2.9
1267,2025-06-10 14:00:00,Centro Comercial Delta,Valencia,Comercial,17400,28.2,65.5,733.1,1175,1,Refrigeracion,216.58,100.95,Llano,16.52
1627,2025-06-02 14:00:00,Planta Logistica R2,Zaragoza,Industrial,26000,26.8,61.3,537.1,166,1,Refrigeracion,170.09,145.49,Llano,3.67
1213,2025-04-19 00:00:00,Centro Comercial Delta,Valencia,Comercial,17400,16.6,76.1,0.0,76,0,Apagado,52.78,0.0,Valle,4.48
1928,2025-03-26 20:00:00,Residencial Mirador,Barcelona,Residencial,9800,14.5,83.8,0.0,289,1,Ventilacion,94.49,0.0,Punta,20.19
888,2025-05-29 20:00:00,Hospital Sur,Sevilla,Sanitario,21000,28.9,45.1,94.2,394,1,Refrigeracion,,17.51,Punta,62.27
1530,2025-02-26 08:00:00,Planta Logistica R2,Zaragoza,Industrial,26000,9.5,76.2,93.4,150,1,Calefaccion,267.53,25.07,Llano,34.84
772,2025-02-02 20:00:00,Hospital Sur,Sevilla,Sanitario,21000,12.3,66.7,0.0,412,1,Calefaccion,296.44,0.0,Valle,28.19
1946,2025-04-15 08:00:00,Residencial Mirador,Barcelona,Residencial,9800,13.9,82.7,205.5,84,1,Calefaccion,19.01,0.0,Llano,2.63
2090,2025-09-06 08:00:00,Residencial Mirador,Barcelona,Residencial,9800,16.5,80.6,206.0,123,0,Apagado,28.65,0.0,Valle,3.13
1132,2025-01-25 20:00:00,Centro Comercial Delta, Valencia,Comercial,17400,10.4,75.0,0.0,1604,TRUE,Calefaccion,343.57,0.0,Valle,32.33
1837,2025-12-31 00:00:00,Planta Logistica R2,Zaragoza,Industrial,26000,-2.9,81.8,0.0,,TRUE,Calefaccion,140.25,0.0,Valle,14.01
144,2025-05-21 20:00:00,Torre Atlantida,Madrid,Oficinas,12500,23.0,49.7,46.2,47,FALSE,Apagado,37.27,7.28,Punta,6.59
1013,2025-10-04 00:00:00,Hospital Sur,Sevilla,Sanitario,21000,14.5,61.9,0.0,189,1,Ventilacion,160.47,0.0,Valle,17.44
1970,2025-05-09 08:00:00,Residencial Mirador,Barcelona,Residencial,9800,17.5,80.3,260.8,78,0,Apagado,17.81,0.0,Llano,2.52
729,2025-12-27 00:00:00,Campus Norte,Bilbao,Educativo,8600,3.0,99.0,0.0,0,0,Apagado,12.64,0.0,Valle,1.27
181,2025-06-30 00:00:00,Torre Atlantida,Madrid,Oficinas,12500,17.5,47.0,0.0,5,0,Apagado,23.27,0.0,Valle,2.18
1768,2025-10-20 20:00:00,Planta Logistica R2,Zaragoza,Industrial,26000,17.7,67.2,0.0,151,FALSE,Apagado,232.01,0.0,Punta,63.15
2021,2025-06-30 00:00:00,Residencial Mirador,Barcelona,Residencial,9800,16.6,77.7,0.0,304,0,Apagado,97.27,0.0,Valle,9.21
2079,2025-08-25 14:00:00,Residencial Mirador,Barcelona,Residencial,9800,26.1,61.6,806.5,85,1,Refrigeracion,23.01,0.0,Llano,3.89
464,2025-04-03 20:00:00,Campus Norte,Bilbao,Educativo,8600,14.9,87.9,0.0,4,1,Ventilacion,17.02,0.0,Punta,3.74
1590,2025-04-27 08:00:00,Planta Logistica R2,Zaragoza,Industrial,26000,17.9,63.7,294.3,63,0,Apagado,78.97,76.68,Valle,0.21
1232,2025-05-05 20:00:00,Centro Comercial Delta,Valencia,Comercial,17400,20.8,83.1,0.0,1328,0,Apagado,269.49,0.0,Punta,55.43
383,2025-01-13 14:00:00,Campus Norte,Bilbao,Educativo,8600,11.4,93.0,306.9,801,1,Calefaccion,87.36,23.69,Llano,10.01
757,2025-01-21 00:00:00,Hospital Sur,Sevilla,Sanitario,21000,4.6,76.4,0.0,212,1,Calefaccion,180.25,0.0,Valle,17.0
2145,2025-11-01 00:00:00,Residencial Mirador, Barcelona,Residencial,9800,12.7,88.3,0.0,308,1,Calefaccion,95.27,0.0,Valle,10.75
952,2025-08-01 20:00:00,Hospital Sur,Sevilla,Sanitario,21000,31.7,28.1,0.0,403,1,Refrigeracion,293.24,0.0,Punta,71.96
896,2025-06-06 20:00:00,Hospital Sur,Sevilla,Sanitario,21000,28.2,54.0,77.6,376,1,Refrigeracion,305.35,15.0,Punta,64.57
597,2025-08-17 00:00:00,Campus Norte,Bilbao,Educativo,8600,16.3,83.1,0.0,0,0,Apagado,11.79,0.0,Valle,1.23
663,2025-10-20 14:00:00,Campus Norte,Bilbao,Educativo,8600,16.8,81.7,567.1,,0,Apagado,87.9,44.07,Llano,7.74
15,2025-01-13 14:00:00,Torre Atlantida,Madrid,Oficinas,12500,9.2,83.1,334.8,628,1,Calefaccion,102.58,50.2,Llano,8.04
192,2025-07-08 20:00:00,Torre Atlantida,Madrid,Oficinas,12500,25.3,46.1,50.1,42,1,Refrigeracion,42.51,7.4,Punta,8.09
670,2025-10-28 08:00:00,Campus Norte,Bilbao,Educativo,8600,11.7,90.3,19.4,,1,Calefaccion,119.77,1.41,Llano,20.96
425,2025-02-26 00:00:00,Campus Norte,Bilbao,Educativo,8600,7.5,92.3,0.0,27,1,Calefaccion,25.11,0.0,Valle,2.26
49,2025-02-18 00:00:00,Torre Atlantida,Madrid,Oficinas,12500,3.1,65.8,0.0,1,0,Apagado,22.89,0.0,Valle,2.03
1320,2025-08-01 20:00:00,Centro Comercial Delta,Valencia,Comercial,17400,27.7,60.9,11.4,1297,1,Refrigeracion,282.45,1.39,Punta,69.59
2175,2025-11-29 14:00:00,Residencial Mirador, Barcelona,Residencial,9800,15.2,95.9,437.5,112,1,Ventilacion,25.76,0.0,Valle,2.7
1291,2025-07-04 14:00:00,Centro Comercial Delta,Valencia,Comercial,17400,28.0,63.1,903.7,1399,1,Refrigeracion,207.18,108.53,Llano,14.63
1440,2025-11-29 20:00:00,Centro Comercial Delta,Valencia,Comercial,17400,13.6,94.5,0.0,1670,1,Calefaccion,313.99,0.0,Valle,33.16
1217,2025-04-23 00:00:00,Centro Comercial Delta,Valencia,Comercial,17400,17.2,75.6,0.0,34,0,Apagado,45.83,0.0,Valle,3.92
1685,2025-08-01 00:00:00,Planta Logistica R2,Zaragoza,Industrial,26000,18.8,52.2,0.0,50,0,Apagado,113.75,0.0,Valle,11.53
969,2025-08-21 00:00:00,Hospital Sur,Sevilla,Sanitario,21000,,105.9,0.0,217,No,Apagado,168.83,0.0,Valle,17.47
1938,2025-04-07 08:00:00,Residencial Mirador,Barcelona,Residencial,9800,8.2,74.1,219.6,58,1,Calefaccion,22.81,0.0,Llano,3.15
1390,2025-10-12 08:00:00,Centro Comercial Delta,Valencia,Comercial,17400,17.8,69.0,121.6,0,0,Apagado,34.2,14.67,Valle,2.11
40,2025-02-06 20:00:00,Torre Atlantida,Madrid,Oficinas,12500,7.8,63.2,0.0,71,1,Calefaccion,48.73,0.0,Punta,11.15
1843,2025-01-01 14:00:00,Residencial Mirador,Barcelona,Residencial,9800,15.1,80.4,278.8,121,1,Ventilacion,26.99,0.0,Valle,2.75
641,2025-09-30 00:00:00,Campus Norte,Bilbao,Educativo,8600,16.5,89.4,0.0,125,0,Apagado,23.64,0.0,Valle,2.63
1066,2025-11-25 08:00:00,Hospital Sur,Sevilla,Sanitario,21000,9.4,74.1,0.0,402,1,Calefaccion,277.52,0.0,Llano,48.18
1071,2025-11-29 14:00:00,Hospital Sur,Sevilla,Sanitario,21000,-999.0,78.0,,391,0,Apagado,188.8,74.51,Valle,12.22
414,2025-02-14 08:00:00,Campus Norte,Bilbao,Educativo,8600,7.0,98.1,,797,1,Calefaccion,125.13,0.51,Llano,18.31
915,2025-06-26 14:00:00,Hospital Sur,Sevilla,Sanitario,21000,36.0,50.4,828.8,420,1,Refrigeracion,226.82,173.74,Llano,7.91
2043,2025-07-20 14:00:00,Residencial Mirador,Barcelona,Residencial,9800,24.7,,715.7,134,1,Refrigeracion,28.91,0.0,Valle,2.82
1552,2025-03-18 20:00:00,Planta Logistica R2,Zaragoza,Industrial,26000,13.2,72.8,0.0,155,1,Calefaccion,253.42,0.0,Punta,54.97
123,2025-05-01 14:00:00,Torre Atlantida,Madrid,Oficinas,12500,24.4,51.9,703.3,26,0,Apagado,134.5,111.45,Valle,-3.19
350,2025-12-15 08:00:00,Torre Atlantida,Madrid,Oficinas,12500,4.3,75.2,0.0,356,1,Calefaccion,110.02,0.0,Llano,18.58
1364,2025-09-14 20:00:00,Centro Comercial Delta,Valencia,Comercial,17400,24.6,69.3,0.0,1481,1,Refrigeracion,300.57,0.0,Valle,31.38
1319,2025-08-01 14:00:00,Centro Comercial Delta,Valencia,Comercial,17400,29.2,56.6,916.1,1322,1,Refrigeracion,210.54,116.29,Llano,14.58
523,2025-06-02 14:00:00,Campus Norte,Bilbao ,Educativo,8600,22.0,67.8,765.8,793,0,Apagado,77.2,55.53,Llano,3.14
675,2025-11-01 14:00:00,Campus Norte,Bilbao,Educativo,8600,16.7,76.7,,6,0, APAGADO,8.08,37.9,Valle,-1.39
1041,2025-11-01 00:00:00,Hospital Sur,Sevilla,Sanitario,21000,10.8,62.9,0.0,227,1,Calefaccion,183.55,0.0,Valle,20.56
113,2025-04-23 00:00:00,Torre Atlantida,Madrid,Oficinas,12500,12.5,62.4,0.0,44,0,Apagado,25.01,0.0,Valle,2.25
753,2025-01-17 00:00:00,Hospital Sur,Sevilla,Sanitario,21000,6.7,79.0,0.0,173,1,Calefaccion,186.3,0.0,Valle,19.1
719,2025-12-15 14:00:00,Campus Norte,Bilbao,Educativo,8600,13.6,88.3,393.7,877,Si,Calefaccion,88.76,28.36,Llano,10.47
279,2025-10-04 14:00:00,Torre Atlantida,Madrid,Oficinas,12500,25.3,55.5,595.0,99,0,Apagado,22.46,90.9,Valle,-2.94
1376,2025-09-26 20:00:00,Centro Comercial Delta,Valencia,Comercial,17400,21.2,64.7,0.0,1473,0,Apagado,280.93,0.0,Punta,76.13
1705,2025-08-21 00:00:00,Planta Logistica R2,Zaragoza,Industrial,26000,21.1,63.4,0.0,34,0,Apagado,104.52,0.0,Valle,11.18
1292,2025-07-04 20:00:00,Centro Comercial Delta,Valencia,Comercial,17400,24.5,54.1,78.3,1348,1,Refrigeracion,268.1,11.03,Punta,56.71
800,2025-03-02 20:00:00,Hospital Sur,Sevilla,Sanitario,21000,14.2,64.9,0.0,382,si,Calefaccion,273.38,0.0,Valle,23.84
1090,2025-12-19 08:00:00,Hospital Sur,Sevilla,Sanitario,21000,6.2,69.0,0.0,408,1,Calefaccion,285.33,0.0,Llano,48.93
505,2025-05-17 00:00:00,Campus Norte,Bilbao,Educativo,8600,12.8,95.7,0.0,0,0,Apagado,12.45,0.0,Valle,1.08
1660,2025-07-04 20:00:00,Planta Logistica R2,Zaragoza,Industrial,26000,27.9,53.4,88.1,186,1,Refrigeracion,245.57,23.52,Punta,52.89
798,2025-03-02 08:00:00,Hospital Sur,Sevilla,Sanitario,21000,9.8,83.2,72.2,418,1,Calefaccion,297.64,13.47,Valle,25.01
1202,2025-04-07 08:00:00,Centro Comercial Delta,Valencia,Comercial,17400,15.3,73.6,190.1,29,0,Apagado,37.01,23.68,Llano,1.87
159,2025-06-06 14:00:00,Torre Atlantida,Madrid,Oficinas,12500,30.7,53.7,529.7,608,TRUE,Refrigeracion,110.06,82.19,Llano,3.92
1574,2025-04-11 08:00:00,Planta Logistica R2,Zaragoza,Industrial,26000,13.5,59.4,192.0,175,1,Calefaccion,159.23,52.07,Llano,14.8
548,2025-06-26 20:00:00,Campus Norte,Bilbao ,Educativo,8600,21.2,70.4,51.3,21,no,Apagado,18.56,3.88,Punta,3.35
4,2025-01-01 20:00:00,Torre Atlantida,Madrid,Oficinas,12500,3.6,74.1,0.0,34,0,Apagado,24.68,0.0,Valle,2.38
120,2025-04-27 20:00:00,Torre Atlantida, Madrid,Oficinas,12500,,64.5,0.0,38,No,Apagado,25.18,0.0,Valle,2.15
2036,2025-07-12 20:00:00,Residencial Mirador,Barcelona,Residencial,9800,23.2,60.3,75.7,325,1,Ventilacion,97.13,0.0,Valle,9.52
1367,2025-09-18 14:00:00,Centro Comercial Delta,Valencia,Comercial,17400,25.9,59.6,717.9,1370,1,Refrigeracion,203.78,88.85,Llano,20.1
561,2025-07-12 00:00:00,Campus Norte,Bilbao,Educativo,8600,19.6,76.3,0.0,0,0,Apagado,12.33,0.0,Valle,1.17
1297,2025-07-12 00:00:00,Centro Comercial Delta,Valencia,Comercial,17400,20.7,62.1,0.0,68,0,Apagado,53.14,0.0,Valle,5.18
581,2025-08-01 00:00:00,Campus Norte,Bilbao,Educativo,8600,14.7,94.0,0.0,,0,Apagado,12.61,0.0,Valle,1.23
75,2025-03-14 14:00:00,Torre Atlantida,Madrid,Oficinas,12500,17.0,60.0,430.9,576,0,Apagado,103.64,63.58,Llano,5.77
183,2025-06-30 14:00:00,Torre Atlantida,Madrid,Oficinas,12500,28.9,54.9,860.1,601,1,Refrigeracion,115.03,130.57,Llano,-0.95
1544,2025-03-10 20:00:00,Planta Logistica R2,Zaragoza,Industrial,26000,11.1,71.9,,170,1,Calefaccion,269.19,0.0,Punta,57.98
43,2025-02-10 14:00:00,Torre Atlantida,Madrid,Oficinas,12500,12.1,68.4,496.1,601,1,Calefaccion,111.74,72.37,Llano,5.82
343,2025-12-07 14:00:00,Torre Atlantida,Madrid,Oficinas,12500,13.7,62.3,474.3,0,0,Apagado,16.1,70.25,Valle,-2.29
1643,2025-06-18 14:00:00,Planta Logistica R2,Zaragoza,Industrial,26000,32.5,59.0,748.0,161,Si,Refrigeracion,183.76,199.47,Llano,-0.93
1668,2025-07-12 20:00:00,Planta Logistica R2,ZARAGOZA,Industrial,26000,29.9,41.1,61.5,55,1,Refrigeracion,154.06,14.97,Valle,13.6
1351,2025-09-02 14:00:00,Centro Comercial Delta,Valencia,Comercial,17400,30.6,65.4,844.1,1421,1,Refrigeracion,220.42,107.11,Llano,19.68
701,2025-11-29 00:00:00,Campus Norte,Bilbao,Educativo,8600,5.3,90.5,0.0,9,0,Apagado,13.09,0.0,Valle,1.41
1015,2025-10-04 14:00:00,Hospital Sur,Sevilla,Sanitario,21000,28.7,59.1,493.0,383,1,Refrigeracion,233.59,99.1,Valle,15.12
117,2025-04-27 00:00:00,Torre Atlantida,Madrid,Oficinas,12500,14.5,70.6,0.0,96,0,Apagado,30.49,0.0,Valle,2.59
1588,2025-04-23 20:00:00,Planta Logistica R2,Zaragoza,Industrial,26000,,56.5,0.0,164,0,Apagado,228.8,0.0,Punta,46.93
2004,2025-06-10 20:00:00,Residencial Mirador,Barcelona,Residencial,9800,24.5,52.7,79.6,306,1,Refrigeracion,100.2,0.0,Punta,21.57
392,2025-01-21 20:00:00,Campus Norte,Bilbao,Educativo,8600,12.9,91.7,0.0,11,1,Calefaccion,21.49,0.0,Punta,5.1
855,2025-04-27 14:00:00,Hospital Sur,Sevilla,Sanitario,21000,30.2,53.9,633.2,399,1,Refrigeracion,241.05,125.11,Valle,10.09
1726,2025-09-10 08:00:00,Planta Logistica R2,Zaragoza,Industrial,26000,21.3,57.2,247.7,174,No,Apagado,153.15,63.62,Llano,15.38
781,2025-02-14 00:00:00,Hospital Sur,Sevilla,Sanitario,21000,4.8,81.2,0.0,150,1, CALEFACCION,196.41,0.0,Valle,18.29
1499,2025-01-25 14:00:00,Planta Logistica R2,Zaragoza,Industrial,26000,,92.9,263.4,60,1,Calefaccion,93.82,70.11,Valle,2.31
767,2025-01-29 14:00:00,Hospital Sur,Sevilla,Sanitario,21000,17.4,72.2,295.6,400,no,Apagado,205.71,64.4,Llano,22.34
1905,2025-03-06 00:00:00,Residencial Mirador,Barcelona,Residencial,9800,8.4,74.3,0.0,322,1,Calefaccion,99.61,0.0,Valle,8.99
1330,2025-08-13 08:00:00,Centro Comercial Delta,Valencia,Comercial,17400,24.3,,383.5,95,0,Apagado,40.54,48.89,Llano,-0.55
1233,2025-05-09 00:00:00,Centro Comercial Delta,Valencia,Comercial,17400,20.4,70.4,0.0,278,0,Apagado,63.21,0.0,Valle,5.25
199,2025-07-16 14:00:00,Torre Atlantida,Madrid,Oficinas,12500,34.2,42.5,719.9,560,1,Refrigeracion,114.93,111.49,Llano,0.53
1883,2025-02-10 14:00:00,Residencial Mirador,Barcelona,Residencial,9800,15.4,89.5,433.7,91,1,Ventilacion,19.94,0.0,Llano,3.01
384,2025-01-13 20:00:00,Campus Norte,Bilbao,Educativo,8600,8.8,99.0,0.0,62,1,Calefaccion,25.07,0.0,Punta,6.01
2127,2025-10-12 14:00:00,Residencial Mirador,Barcelona,Residencial,9800,21.0,70.5,608.0,126,0,Apagado,26.85,0.0,Valle,2.96
58,2025-02-26 08:00:00,Torre Atlantida,Madrid,Oficinas,12500,3.6,79.1,59.3,377,1,Calefaccion,103.32,8.17,Llano,13.76
639,2025-09-26 14:00:00,Campus Norte,Bilbao,Educativo,8600,20.3,77.8,725.0,773,0,Apagado,86.59,56.89,Llano,5.27
1744,2025-09-26 20:00:00,Planta Logistica R2,Zaragoza,Industrial,26000,19.7,66.6,0.0,186,0,Apagado,248.79,0.0,Punta,68.57
799,2025-03-02 14:00:00,Hospital Sur,Sevilla,Sanitario,21000,16.8,74.4,409.0,418,0,Apagado,199.22,79.99,Valle,10.61
1040,2025-10-28 20:00:00,Hospital Sur,Sevilla,Sanitario,21000,23.7,53.6,0.0,443,1,Ventilacion,297.72,0.0,Punta,83.54
1547,2025-03-14 14:00:00,Planta Logistica R2,Zaragoza ,Industrial,26000,17.5,73.8,415.2,193,no,Apagado,157.96,107.27,Llano,7.39
1816,2025-12-07 20:00:00,Planta Logistica R2,Zaragoza,Industrial,26000,10.0,94.1,0.0,60,1,Calefaccion,142.28,0.0,Valle,15.0
790,2025-02-22 08:00:00,Hospital Sur,Sevilla,Sanitario,21000,10.4,68.5,70.0,423,TRUE,Calefaccion,285.94,15.18,Valle,24.77
1284,2025-06-26 20:00:00,Centro Comercial Delta,Valencia,Comercial,17400,23.1,65.7,100.3,1320,Si,Ventilacion,275.67,12.26,Punta,61.03
1774,2025-10-28 08:00:00,Planta Logistica R2,Zaragoza,Industrial,26000,11.7,71.9,19.4,158,1,Calefaccion,250.53,5.2,Llano,42.1
378,2025-01-09 08:00:00,Campus Norte,Bilbao,Educativo,8600,6.6,99.0,0.0,827,si,Calefaccion,133.11,0.0,Llano,21.07
1143,2025-02-06 14:00:00,Centro Comercial Delta,Valencia,Comercial,17400,15.9,79.0,366.4,1501,1,Ventilacion,211.85,44.43,Llano,25.11
931,2025-07-12 14:00:00,Hospital Sur,Sevilla,Sanitario,21000,33.4,44.2,904.1,415,1,Refrigeracion,231.33,182.83,Valle,4.66
1835,2025-12-27 14:00:00,Planta Logistica R2,Zaragoza,Industrial,26000,11.8,77.5,392.0,71,1,Calefaccion,86.83,102.72,Valle,-0.66
1932,2025-03-30 20:00:00,Residencial Mirador,Barcelona,Residencial,9800,16.0,79.2,0.0,332,0,Apagado,100.77,0.0,Valle,8.52
19,2025-01-17 14:00:00,Torre Atlantida,Madrid,Oficinas,12500,11.0,68.7,340.3,614,1,Calefaccion,102.85,51.82,Llano,8.27
2027,2025-07-04 14:00:00,Residencial Mirador,Barcelona,Residencial,9800,26.7,65.4,717.2,33,1,Refrigeracion,21.79,0.0,Llano,3.38
145,2025-05-25 00:00:00,Torre Atlantida,Madrid,Oficinas,12500,14.7,77.0,0.0,10,0,Apagado,24.12,0.0,Valle,2.18
360,2025-12-23 20:00:00,Torre Atlantida,Madrid,Oficinas,12500,6.3,71.2,,76,1,Calefaccion,44.14,0.0,Punta,11.17
1347,2025-08-29 14:00:00,Centro Comercial Delta,Valencia,Comercial,17400,26.9,70.6,630.3,1270,1,Refrigeracion,209.65,81.52,Llano,21.38
1582,2025-04-19 08:00:00,Planta Logistica R2,ZARAGOZA,Industrial,26000,17.1,67.7,220.7,75,0,Apagado,77.51,58.25,Valle,1.69
2110,2025-09-26 08:00:00,Residencial Mirador,barcelona,Residencial,9800,17.4,76.7,128.2,59,0,Apagado,18.7,0.0,Llano,3.38
1169,2025-03-06 00:00:00,Centro Comercial Delta,Valencia,Comercial,17400,10.8,92.6,0.0,65,0,Apagado,46.16,0.0,Valle,4.17
1247,2025-05-21 14:00:00,Centro Comercial Delta,Valencia,Comercial,17400,26.9,63.5,788.0,1398,1,Refrigeracion,212.29,96.87,Llano,16.04
2002,2025-06-10 08:00:00,Residencial Mirador,Barcelona,Residencial,9800,24.9,67.1,377.4,51,1,Refrigeracion,20.5,0.0,Llano,2.94
1700,2025-08-13 20:00:00,Planta Logistica R2,Zaragoza,Industrial,26000,28.2,41.3,0.0,186,1,Refrigeracion,280.03,0.0,Punta,68.86
2184,2025-12-07 20:00:00,Residencial Mirador,Barcelona,Residencial,9800,11.5,89.8,0.0,312,1,Calefaccion,,0.0,Valle,11.06
1735,2025-09-18 14:00:00,Planta Logistica R2,Zaragoza,Industrial,26000,25.2,61.5,680.8,176,1,Refrigeracion,174.85,167.35,Llano,1.31
2108,2025-09-22 20:00:00,Residencial Mirador,Barcelona,Residencial,9800,21.3,64.5,0.0,294,0,Apagado,94.09,0.0,Punta,24.51
178,2025-06-26 08:00:00,Torre Atlantida,Madrid,Oficinas,12500,23.0,50.3,,370,0,Apagado,69.01,65.13,Llano,0.57
1106,2025-01-01 08:00:00,Centro Comercial Delta,Valencia,Comercial,17400,12.9,98.5,0.0,56,0,Apagado,49.94,0.0,Valle,5.17
1969,2025-05-09 00:00:00,Residencial Mirador,Barcelona,Residencial,9800,18.0,77.5,0.0,283,0,Apagado,719.17,0.0,Valle,8.23
1890,2025-02-18 08:00:00,Residencial Mirador,Barcelona,Residencial,9800,7.6,93.1,58.4,67,1,Calefaccion,35.38,0.0,Llano,5.0
238,2025-08-25 08:00:00,Torre Atlantida,Madrid,Oficinas,12500,21.8,55.3,295.1,382,0,Apagado,68.34,43.75,Llano,4.15
797,2025-03-02 00:00:00,Hospital Sur,Sevilla,Sanitario,21000,8.9,70.5,0.0,198,1,Calefaccion,174.28,0.0,Valle,15.89
286,2025-10-12 08:00:00,Torre Atlantida,Madrid,Oficinas,12500,17.6,62.1,102.0,22,0,Apagado,23.35,16.78,Valle,0.72
1567,2025-04-03 14:00:00,Planta Logistica R2,Zaragoza,Industrial,26000,23.2,72.4,534.0,168,1,Ventilacion,147.65,159.68,Llano,-0.67
1696,2025-08-09 20:00:00,Planta Logistica R2,Zaragoza,Industrial,26000,26.6,54.8,0.0,51,1,Refrigeracion,141.87,0.0,Valle,14.61
793,2025-02-26 00:00:00,Hospital Sur,Sevilla,Sanitario,21000,6.0,61.1,0.0,218,1,Calefaccion,189.65,0.0,Valle,17.18
710,2025-12-07 08:00:00,Campus Norte,Bilbao,Educativo,8600,6.2,95.1,0.0,0,0,Apagado,12.03,0.0,Valle,1.27
1442,2025-12-03 08:00:00,Centro Comercial Delta,Valencia,Comercial,17400,10.1,74.0,0.0,133,0, APAGADO,55.72,0.0,Llano,9.83
306,2025-11-01 08:00:00,Torre Atlantida,Madrid,Oficinas,12500,9.5,54.6,38.1,30,0,Apagado,24.82,6.06,Valle,2.13
1628,2025-06-02 20:00:00,Planta Logistica R2,Zaragoza,Industrial,26000,26.2,60.7,74.2,159,1,Refrigeracion,253.15,19.07,Punta,53.0
517,2025-05-29 00:00:00,Campus Norte,Bilbao,Educativo,8600,14.4,90.0,0.0,33,1,Calefaccion,23.06,0.0,Valle,2.03
722,2025-12-19 08:00:00,Campus Norte,Bilbao,Educativo,8600,6.8,95.1,0.0,775,1,Calefaccion,113.59,0.0,Llano,18.79
1255,2025-05-29 14:00:00,Centro Comercial Delta,Valencia,Comercial,17400,25.4,64.9,559.5,1420,1,Refrigeracion,221.6,67.51,Llano,22.17
333,2025-11-29 00:00:00,Torre Atlantida,Madrid,Oficinas,12500,,73.1,0.0,13,0,Apagado,24.81,0.0,Valle,2.68
1432,2025-11-21 20:00:00,Centro Comercial Delta,Valencia,Comercial,17400,16.2,77.2,0.0,1250,0,Apagado,269.13,0.0,Punta,69.0
847,2025-04-19 14:00:00,Hospital Sur,Sevilla,Sanitario,21000,27.7,54.5,596.7,404,1,Refrigeracion,230.62,111.39,Valle,10.3
834,2025-04-07 08:00:00,Hospital Sur,Sevilla,Sanitario,21000,18.9,58.3,158.8,418,0,Apagado,219.61,29.53,Llano,27.18
2050,2025-07-28 08:00:00,Residencial Mirador,Barcelona,Residencial,9800,17.5,73.1,376.9,42,0,Apagado,15.96,0.0,Llano,2.46
1249,2025-05-25 00:00:00,Centro Comercial Delta,Valencia,Comercial,17400,17.2,69.3,0.0,0,0,Apagado,48.57,0.0,Valle,4.33
1551,2025-03-18 14:00:00,Planta Logistica R2,Zaragoza,Industrial,26000,18.6,57.2,515.8,161,0,Apagado,159.34,149.53,Llano,1.42
1027,2025-10-16 14:00:00,Hospital Sur,Sevilla,Sanitario,21000,25.8,59.7,480.9,420,1,Refrigeracion,217.57,103.6,Llano,19.69
2169,2025-11-25 00:00:00,Residencial Mirador,Barcelona,Residencial,9800,7.3,89.2,0.0,311,1,Calefaccion,106.98,0.0,Valle,11.53
1526,2025-02-22 08:00:00,Planta Logistica R2,Zaragoza,Industrial,26000,8.7,65.8,51.6,73,1,Calefaccion,130.19,13.25,Valle,10.9
1714,2025-08-29 08:00:00,Planta Logistica R2,Zaragoza,Industrial,26000,21.7,56.8,307.7,160,0,Apagado,160.03,83.33,Llano,12.68
2097,2025-09-14 00:00:00,Residencial Mirador,Barcelona,Residencial,9800,17.7,69.2,0.0,273,0,Apagado,92.75,0.0,Valle,9.98
477,2025-04-19 00:00:00,Campus Norte,Bilbao,Educativo,8600,9.7,85.5,0.0,0,0,Apagado,12.76,0.0,Valle,1.08
2159,2025-11-13 14:00:00,Residencial Mirador,Barcelona,Residencial,9800,15.9,73.4,542.7,78,1,Ventilacion,20.27,0.0,Llano,3.64
887,2025-05-29 14:00:00,Hospital Sur,Sevilla,Sanitario,21000,34.8,58.4,677.6,409,1,Refrigeracion,216.69,124.23,Llano,13.47
631,2025-09-18 14:00:00,Campus Norte,Bilbao,Educativo,8600,20.6,73.9,620.6,730,0,Apagado,72.72,45.38,Llano,4.84
1942,2025-04-11 08:00:00,Residencial Mirador, Barcelona,Residencial,9800,17.3,87.2,170.3,,0,Apagado,17.89,0.0,Llano,2.44
1473,2025-01-01 00:00:00,Planta Logistica R2,Zaragoza,Industrial,26000,1.1,66.2,0.0,0,0,Apagado,46.86,0.0,Valle,4.81
1868,2025-01-25 20:00:00,Residencial Mirador,Barcelona,Residencial,9800,10.1,86.7,0.0,309,1,Calefaccion,105.06,0.0,Valle,10.0
1111,2025-01-05 14:00:00,Centro Comercial Delta,VALENCIA,Comercial,17400,13.3,77.1,436.6,1529,1,Calefaccion,226.13,54.97,Valle,17.25
1914,2025-03-14 08:00:00,Residencial Mirador,Barcelona,Residencial,9800,13.0,90.3,120.8,93,1,Calefaccion,21.54,0.0,Llano,3.27
1310,2025-07-24 08:00:00,Centro Comercial Delta,Valencia,Comercial,17400,24.5,68.1,360.9,0,0,Apagado,33.13,43.94,Llano,-0.69
917,2025-06-30 00:00:00,Hospital Sur,Sevilla,Sanitario,21000,27.0,51.9,0.0,202,1,Refrigeracion,199.22,0.0,Valle,19.18
488,2025-04-27 20:00:00,Campus Norte,Bilbao,Educativo,8600,13.2,85.5,0.0,0,0,Apagado,12.79,0.0,Valle,1.1
1067,2025-11-25 14:00:00,Hospital Sur,Sevilla,Sanitario,21000,17.2,72.1,386.3,425,0,Apagado,213.21,77.21,Llano,23.34
1088,2025-12-15 20:00:00,Hospital Sur,Sevilla,Sanitario,21000,12.8,77.0,0.0,380,1,Calefaccion,281.21,0.0,Punta,72.3
948,2025-07-28 20:00:00,Hospital Sur,Sevilla,Sanitario,21000,32.4,59.6,20.2,397,si,Refrigeracion,304.44,3.94,Punta,75.4
1438,2025-11-29 08:00:00,Centro Comercial Delta,Valencia,Comercial,17400,10.9,89.9,0.0,132,1,Calefaccion,58.28,0.0,Valle,6.35
638,2025-09-26 08:00:00,Campus Norte,Bilbao,Educativo,8600,14.0,91.1,152.3,812,1,Calefaccion,82.63,12.13,Llano,11.76
141,2025-05-21 00:00:00,Torre Atlantida,Madrid,Oficinas,12500,17.1,56.8,0.0,13,0,Apagado,26.44,0.0,Valle,2.28
1365,2025-09-18 00:00:00,Centro Comercial Delta,Valencia,Comercial,17400,20.5,62.2,0.0,0,0, APAGADO,47.29,0.0,Valle,5.04
588,2025-08-05 20:00:00,Campus Norte,Bilbao,Educativo,8600,-999.0,79.4,0.0,29,no,Apagado,14.66,0.0,Punta,3.65
569,2025-07-20 00:00:00,Campus Norte,Bilbao,Educativo,8600,15.4,83.2,0.0,68,0,Apagado,16.06,0.0,Valle,1.57
1922,2025-03-22 08:00:00,Residencial Mirador,Barcelona,Residencial,9800,13.9,76.0,173.6,87,1,Calefaccion,25.13,0.0,Valle,2.17
901,2025-06-14 00:00:00,Hospital Sur,Sevilla,Sanitario,21000,21.8,57.2,0.0,252,0,Apagado,178.42,0.0,Valle,16.18
1348,2025-08-29 20:00:00,Centro Comercial Delta,Valencia,Comercial,17400,22.9,69.6,0.0,1360,0,Apagado,296.38,0.0,Punta,76.5
1963,2025-05-01 14:00:00,Residencial Mirador,Barcelona,Residencial,9800,25.6,61.5,680.1,122,si,Refrigeracion,29.15,0.0,Valle,2.55
1431,2025-11-21 14:00:00,Centro Comercial Delta,Valencia,Comercial,17400,18.2,72.3,445.5,1305,0,Apagado,192.81,56.64,Llano,23.18
223,2025-08-09 14:00:00,Torre Atlantida,Madrid,Oficinas,12500,26.4,52.1,784.4,0,0,Apagado,16.22,116.68,Valle,-4.12
652,2025-10-08 20:00:00,Campus Norte,bilbao,Educativo,8600,14.5,,0.0,11,1,Ventilacion,19.19,0.0,Punta,5.25
1450,2025-12-11 08:00:00,Centro Comercial Delta,Valencia,Comercial,17400,11.9,98.3,0.0,257,0,Apagado,56.26,0.0,Llano,9.37
173,2025-06-22 00:00:00,Torre Atlantida,Madrid,Oficinas,12500,,62.1,0.0,40,0,Apagado,25.23,0.0,Valle,2.38
2066,2025-08-13 08:00:00,Residencial Mirador,Barcelona,Residencial,9800,20.1,,289.2,65,0,Apagado,16.08,0.0,Llano,2.69
2168,2025-11-21 20:00:00,Residencial Mirador,Barcelona,Residencial,9800,11.7,88.8,0.0,291,1,Calefaccion,97.64,0.0,Punta,26.41
1198,2025-04-03 08:00:00,Centro Comercial Delta,Valencia,Comercial,17400,14.8,84.0,113.9,149,No,Apagado,54.13,14.07,Llano,5.64
758,2025-01-21 08:00:00,Hospital Sur,Sevilla,Sanitario,21000,6.5,78.8,0.0,419,1, CALEFACCION,317.2,0.0,Llano,48.79
1575,2025-04-11 14:00:00,Planta Logistica R2,Zaragoza,Industrial,26000,20.9,68.9,466.8,158,0,Apagado,149.69,116.9,Llano,4.5
1424,2025-11-13 20:00:00,Centro Comercial Delta,Valencia,Comercial,17400,14.1,84.3,0.0,1304,Si,Calefaccion,275.43,0.0,Punta,72.22
462,2025-04-03 08:00:00,Campus Norte,Bilbao,Educativo,8600,10.2,98.1,121.7,791,1,Calefaccion,82.48,8.84,Llano,10.6
1923,2025-03-22 14:00:00,Residencial Mirador,Barcelona,Residencial,9800,17.1,78.9,447.2,112,FALSE,Apagado,25.84,0.0,Valle,2.17
2176,2025-11-29 20:00:00,Residencial Mirador,Barcelona,Residencial,9800,9.7,76.8,0.0,335,1,Calefaccion,98.04,0.0,Valle,10.43
1238,2025-05-13 08:00:00,Centro Comercial Delta,Valencia,Comercial,17400,20.0,83.3,232.5,131,0,Apagado,41.16,30.29,Llano,1.48
1622,2025-05-29 08:00:00,Planta Logistica R2,Zaragoza,Industrial,26000,20.9,55.1,,165,0,Apagado,141.44,84.26,Llano,7.94
1099,2025-12-27 14:00:00,Hospital Sur,Sevilla,Sanitario,21000,14.9,76.4,417.2,430,1,Ventilacion,200.43,90.55,Valle,10.94
1195,2025-03-30 14:00:00,Centro Comercial Delta,Valencia,Comercial,17400,20.7,64.1,603.5,1558,0,Apagado,248.13,67.12,Valle,15.84
712,2025-12-07 20:00:00,Campus Norte,Bilbao,Educativo,8600,8.4,99.0,0.0,23,0,Apagado,,0.0,Valle,1.41
1087,2025-12-15 14:00:00,Hospital Sur,Sevilla,Sanitario,21000,16.5,72.4,424.6,410,0,Apagado,213.7,85.7,Llano,21.77
1495,2025-01-21 14:00:00,Planta Logistica R2,Zaragoza,Industrial,26000,11.2,76.5,364.4,153,1,Calefaccion,164.61,104.59,Llano,9.44
1520,2025-02-14 20:00:00,Planta Logistica R2,Zaragoza,Industrial,26000,5.8,82.3,0.0,163,1,Calefaccion,253.13,0.0,Punta,58.35
1915,2025-03-14 14:00:00,Residencial Mirador,Barcelona,Residencial,9800,18.3,82.0,514.0,53,0, APAGADO,17.59,0.0,Llano,2.52
492,2025-05-01 20:00:00,Campus Norte,Bilbao,Educativo,8600,16.6,93.3,0.0,60,0,Apagado,16.3,0.0,Valle,1.41
2039,2025-07-16 14:00:00,Residencial Mirador,Barcelona,Residencial,9800,24.5,75.2,749.3,66,1,Refrigeracion,21.44,0.0,Llano,3.25
654,2025-10-12 08:00:00,Campus Norte,Bilbao,Educativo,8600,17.2,83.2,110.4,0,0,Apagado,12.54,7.83,Valle,0.51
1600,2025-05-05 20:00:00,Planta Logistica R2,Zaragoza,Industrial,26000,20.7,,0.0,163,no,Apagado,257.25,0.0,Punta,53.97
124,2025-05-01 20:00:00,Torre Atlantida,Madrid,Oficinas,12500,20.6,67.9,0.0,54,0,Apagado,26.76,0.0,Valle,2.35
1796,2025-11-17 20:00:00,Planta Logistica R2,ZARAGOZA,Industrial,26000,9.9,75.7,0.0,160,1,Calefaccion,261.74,0.0,Punta,71.98
1167,2025-03-02 14:00:00,Centro Comercial Delta,Valencia,Comercial,17400,,86.7,352.3,1549,0,Apagado,228.23,42.88,Valle,16.68
618,2025-09-06 08:00:00,Campus Norte,Bilbao,Educativo,8600,18.5,73.2,221.4,0,0, APAGADO,7.54,16.83,Valle,-0.4
2017,2025-06-26 00:00:00,Residencial Mirador,Barcelona,Residencial,9800,17.0,75.6,0.0,350,0,Apagado,100.73,0.0,Valle,9.53
250,2025-09-06 08:00:00,Torre Atlantida,Madrid,Oficinas,12500,18.0,72.5,244.6,6,0,Apagado,16.5,35.38,Valle,-0.83
2121,2025-10-08 00:00:00,Residencial Mirador,BARCELONA,Residencial,9800,-999.0,80.7,0.0,274,1,Calefaccion,98.67,0.0,Valle,10.69
1400,2025-10-20 20:00:00,Centro Comercial Delta, Valencia ,Comercial,17400,16.2,74.3,0.0,1448,0,Apagado,258.48,0.0,Punta,68.88
686,2025-11-13 08:00:00,Campus Norte,Bilbao,Educativo,8600,10.9,99.0,0.0,780,1,Calefaccion,120.06,0.0,Llano,21.42
562,2025-07-12 08:00:00,Campus Norte,Bilbao,Educativo,8600,17.2,73.0,335.2,81,0,Apagado,11.6,25.85,Valle,-0.56
1543,2025-03-10 14:00:00,Planta Logistica R2,Zaragoza,Industrial,26000,15.8,63.1,519.5,162,1,Ventilacion,153.0,134.65,Llano,2.64
674,2025-11-01 08:00:00,Campus Norte,Bilbao,Educativo,8600,13.1,93.4,0.0,14,0,Apagado,13.37,0.0,Valle,1.47
958,2025-08-09 08:00:00,Hospital Sur,Sevilla,Sanitario,21000,25.8,50.5,348.4,442,1,Refrigeracion,211.52,67.88,Valle,14.88
107,2025-04-15 14:00:00,Torre Atlantida,Madrid,Oficinas,12500,24.4,53.0,580.8,554,1,Refrigeracion,115.51,80.89,Llano,4.63
960,2025-08-09 20:00:00,Hospital Sur,Sevilla,Sanitario,21000,31.7,60.9,0.0,461,1,Refrigeracion,300.43,0.0,Valle,
947,2025-07-28 14:00:00,Hospital Sur,Sevilla,Sanitario,21000,,53.4,841.3,412,1,Refrigeracion,226.6,180.62,Llano,7.46
940,2025-07-20 20:00:00,Hospital Sur,Sevilla,Sanitario,21000,28.2,39.3,26.3,380,1,Refrigeracion,320.55,5.41,Valle,30.54
879,2025-05-21 14:00:00,Hospital Sur,Sevilla,Sanitario,21000,31.9,55.8,794.8,398,1,Refrigeracion,244.36,151.54,Llano,12.98
1794,2025-11-17 08:00:00,Planta Logistica R2,Zaragoza,Industrial,26000,3.4,,0.0,180,1,Calefaccion,258.18,0.0,Llano,44.1
1463,2025-12-23 14:00:00,Centro Comercial Delta,Valencia,Comercial,17400,16.4,85.8,349.0,1435,no,Apagado,214.04,46.07,Llano,28.76
2081,2025-08-29 00:00:00,Residencial Mirador,Barcelona,Residencial,9800,15.9,72.5,0.0,290,1,Ventilacion,93.33,0.0,Valle,9.9
155,2025-06-02 14:00:00,Torre Atlantida,Madrid,Oficinas,12500,27.2,41.8,814.8,548,1,Refrigeracion,110.04,123.52,Llano,-0.78
1373,2025-09-26 00:00:00,Centro Comercial Delta,Valencia,Comercial,17400,17.7,62.4,0.0,0,0,Apagado,51.59,0.0,Valle,5.6
1921,2025-03-22 00:00:00,Residencial Mirador,Barcelona,Residencial,9800,11.1,86.4,0.0,296,Si, CALEFACCION,96.13,0.0,Valle,8.53
1248,2025-05-21 20:00:00,Centro Comercial Delta,Valencia,Comercial,17400,23.8,72.2,55.2,1333,1,Ventilacion,275.09,6.72,Punta,56.47
881,2025-05-25 00:00:00,Hospital Sur,Sevilla,Sanitario,21000,20.9,104.0,0.0,254,0,Apagado,190.62,0.0,Valle,17.33
1759,2025-10-12 14:00:00,Planta Logistica R2,Zaragoza,Industrial,26000,23.9,63.6,562.7,0,0,Apagado,32.21,151.24,Valle,-5.19
775,2025-02-06 14:00:00,Hospital Sur,Sevilla,Sanitario,21000,18.2,53.0,565.5,407,0,Apagado,181.73,111.96,Llano,10.69
1826,2025-12-19 08:00:00,Planta Logistica R2,Zaragoza,Industrial,26000,4.0,73.8,0.0,166,1,Calefaccion,266.9,0.0,Llano,45.96
899,2025-06-10 14:00:00,Hospital Sur,Sevilla,Sanitario,21000,31.1,52.7,809.7,417,1,Refrigeracion,213.68,165.46,Llano,7.22
1369,2025-09-22 00:00:00,Centro Comercial Delta,Valencia,Comercial,17400,16.4,79.6,0.0,163,0,Apagado,57.14,0.0,Valle,6.17
1352,2025-09-02 20:00:00,Centro Comercial Delta,Valencia,Comercial,17400,28.2,54.3,0.0,1293,si,Refrigeracion,288.49,0.0,Punta,73.39
311,2025-11-05 14:00:00,Torre Atlantida,Madrid,Oficinas,12500,14.7,68.3,457.1,591,1,Ventilacion,104.68,70.16,Llano,6.07
1595,2025-05-01 14:00:00,Planta Logistica R2,Zaragoza,Industrial,26000,27.1,54.0,731.4,7,0,Apagado,33.88,197.93,Valle,-5.96
1206,2025-04-11 08:00:00,Centro Comercial Delta,Valencia,Comercial,17400,15.7,77.5,224.6,23,0,Apagado,33.66,27.98,Llano,0.77
2095,2025-09-10 14:00:00,Residencial Mirador,Barcelona,Residencial,9800,23.8,74.5,542.0,62,1,Ventilacion,17.71,0.0,Llano,3.01
128,2025-05-05 20:00:00,Torre Atlantida,Madrid,Oficinas,12500,,65.9,0.0,9,0,Apagado,36.77,0.0,Punta,7.62
913,2025-06-26 00:00:00,Hospital Sur,Sevilla,Sanitario,21000,26.3,52.9,0.0,223,1,Refrigeracion,191.7,0.0,Valle,17.48
1718,2025-09-02 08:00:00,Planta Logistica R2,Zaragoza,Industrial,26000,19.0,71.5,281.8,172,0,Apagado,162.17,73.92,Llano,15.1
660,2025-10-16 20:00:00,Campus Norte,Bilbao,Educativo,8600,17.9,79.3,0.0,147,0,Apagado,28.02,0.0,Punta,7.63
1392,2025-10-12 20:00:00,Centro Comercial Delta,Valencia,Comercial,17400,19.3,78.1,0.0,1564,0,Apagado,316.22,0.0,Valle,34.09
615,2025-09-02 14:00:00,Campus Norte,Bilbao,Educativo,8600,23.7,62.4,808.9,785,1,Ventilacion,82.94,65.73,Llano,2.94
1599,2025-05-05 14:00:00,Planta Logistica R2,Zaragoza,Industrial,26000,27.0,56.5,636.8,184,1,Refrigeracion,174.2,156.74,Llano,2.42
858,2025-05-01 08:00:00,Hospital Sur,Sevilla,Sanitario,21000,21.5,46.0,347.2,446,No,Apagado,193.12,67.82,Valle,10.68
1775,2025-10-28 14:00:00,Planta Logistica R2,Zaragoza,Industrial,26000,18.8,73.5,433.6,173,0,Apagado,156.67,120.09,Llano,6.29
839,2025-04-11 14:00:00,Hospital Sur,Sevilla,Sanitario,21000,21.5,62.9,637.5,452,0, APAGADO,200.65,130.53,Llano,9.45
1036,2025-10-24 20:00:00,Hospital Sur,sevilla,Sanitario,21000,19.3,49.7,0.0,398,0,Apagado,269.16,0.0,Punta,71.54
665,2025-10-24 00:00:00,Campus Norte,Bilbao,Educativo,8600,8.4,80.4,0.0,92,1, CALEFACCION,27.95,0.0,Valle,3.14
2112,2025-09-26 20:00:00,Residencial Mirador,Barcelona,Residencial,9800,17.0,86.4,0.0,296,0,Apagado,94.44,0.0,Punta,25.22
44,2025-02-10 20:00:00,Torre Atlantida,Madrid,Oficinas,12500,10.1,63.0,0.0,108,1,Calefaccion,43.03,0.0,Punta,9.95
457,2025-03-30 00:00:00,Campus Norte,Bilbao,Educativo,8600,12.7,99.0,0.0,0,0,Apagado,11.89,0.0,Valle,1.04
1722,2025-09-06 08:00:00,Planta Logistica R2,Zaragoza,Industrial,26000,21.0,62.0,213.0,76,0,Apagado,84.59,53.28,Valle,3.31
1081,2025-12-11 00:00:00,Hospital Sur,Sevilla,Sanitario,21000,4.6,72.5,0.0,193,1,Calefaccion,178.06,0.0,Valle,18.23
1469,2025-12-31 00:00:00,Centro Comercial Delta,Valencia,Comercial,17400,9.8,75.8,0.0,111,FALSE,Apagado,52.48,0.0,Valle,5.24
1168,2025-03-02 20:00:00,Centro Comercial Delta,Valencia,Comercial,17400,17.4,82.6,0.0,1687,0,Apagado,308.32,0.0,Valle,27.78
717,2025-12-15 00:00:00,Campus Norte,Bilbao,Educativo,8600,4.4,99.0,0.0,3,1,Calefaccion,25.52,0.0,Valle,2.66
1289,2025-07-04 00:00:00,Centro Comercial Delta,Valencia,Comercial,17400,20.6,69.0,0.0,,0,Apagado,49.54,0.0,Valle,4.82
1613,2025-05-21 00:00:00,Planta Logistica R2,Zaragoza ,Industrial,26000,17.6,52.6,0.0,49,0,Apagado,108.44,0.0,Valle,9.46
202,2025-07-20 08:00:00,Torre Atlantida,Madrid,Oficinas,12500,22.9,57.9,409.8,0,0,Apagado,15.96,66.29,Valle,-1.99
1897,2025-02-26 00:00:00,Residencial Mirador,Barcelona,Residencial,9800,10.0,,0.0,329,1,Calefaccion,92.98,0.0,Valle,8.2
1566,2025-04-03 08:00:00,Planta Logistica R2,Zaragoza,Industrial,26000,12.4,93.0,172.0,153,1,Calefaccion,166.25,48.28,Llano,15.95
522,2025-06-02 08:00:00,Campus Norte,Bilbao,Educativo,8600,19.7,65.2,311.1,757,0,Apagado,80.61,23.44,Llano,7.95
1949,2025-04-19 00:00:00,Residencial Mirador,Barcelona,Residencial,9800,12.3,65.2,0.0,317,1,Calefaccion,98.51,0.0,Valle,8.42
2180,2025-12-03 20:00:00,Residencial Mirador,Barcelona,Residencial,9800,13.9,79.7,0.0,338,1,Calefaccion,100.62,0.0,Punta,26.04
1278,2025-06-22 08:00:00,Centro Comercial Delta,Valencia,Comercial,17400,24.2,75.1,367.7,30,1,Refrigeracion,37.84,46.24,Valle,-0.3
2155,2025-11-09 14:00:00,Residencial Mirador,Barcelona,Residencial,9800,16.7,76.0,413.8,152,0,Apagado,28.45,0.0,Valle,3.01
997,2025-09-18 00:00:00,Hospital Sur,Sevilla,Sanitario,21000,17.5,60.4,0.0,191,0,Apagado,167.01,0.0,Valle,18.0
1562,2025-03-30 08:00:00,Planta Logistica R2,Zaragoza,Industrial,26000,10.9,77.7,215.6,49,1,Calefaccion,92.54,57.2,Valle,3.09
983,2025-09-02 14:00:00,Hospital Sur,Sevilla,Sanitario,21000,34.6,121.1,832.4,424,1,Refrigeracion,241.15,169.28,Llano,12.78
1250,2025-05-25 08:00:00,Centro Comercial Delta,Valencia,Comercial,17400,24.1,55.6,388.1,76,1,Refrigeracion,46.65,51.22,Valle,-0.16
1637,2025-06-14 00:00:00,Planta Logistica R2,Zaragoza,Industrial,26000,24.1,65.9,0.0,33,1,Refrigeracion,80.11,0.0,Valle,7.36
366,2025-12-31 08:00:00,Torre Atlantida,Madrid,Oficinas,12500,5.7,78.9,0.0,339,1,Calefaccion,109.1,0.0,Llano,17.78
1954,2025-04-23 08:00:00,Residencial Mirador,Barcelona,Residencial,9800,16.6,80.5,201.6,47,0,Apagado,17.25,0.0,Llano,2.45
895,2025-06-06 14:00:00,Hospital Sur,Sevilla,Sanitario,21000,35.4,40.6,828.6,437,1,Refrigeracion,209.12,158.55,Llano,7.33
1222,2025-04-27 08:00:00,Centro Comercial Delta,Valencia,Comercial,17400,18.1,77.9,277.1,0,0,Apagado,32.6,37.05,Valle,-0.15
2114,2025-09-30 08:00:00,Residencial Mirador,Barcelona,Residencial,9800,15.9,79.7,168.6,73,1,Ventilacion,19.79,0.0,Llano,3.43
644,2025-09-30 20:00:00,Campus Norte,Bilbao,Educativo,8600,15.6,74.4,0.0,31,1,Ventilacion,20.99,0.0,Punta,5.52
276,2025-09-30 20:00:00,Torre Atlantida,Madrid,Oficinas,12500,20.2,60.9,0.0,99,0,Apagado,39.49,0.0,Punta,10.54
689,2025-11-17 00:00:00,Campus Norte,Bilbao,Educativo,8600,6.0,99.0,0.0,194,1,Calefaccion,33.22,0.0,Valle,3.51
1488,2025-01-13 20:00:00,Planta Logistica R2,Zaragoza,Industrial,26000,9.0,75.5,0.0,170,1,Calefaccion,266.68,0.0,Punta,63.95
1445,2025-12-07 00:00:00,Centro Comercial Delta,Valencia,Comercial,17400,8.7,87.5,0.0,17,1,Calefaccion,56.83,0.0,Valle,5.89
1885,2025-02-14 00:00:00,Residencial Mirador,Barcelona,Residencial,9800,8.7,84.8,0.0,324,1,Calefaccion,99.53,0.0,Valle,9.4
732,2025-12-27 20:00:00,Campus Norte,Bilbao,Educativo,8600,11.6,89.8,0.0,35,0,Apagado,13.73,0.0,Valle,1.42
127,2025-05-05 14:00:00,Torre Atlantida,Madrid,Oficinas,12500,22.6,69.1,498.7,612,0,Apagado,103.06,79.2,Llano,3.37
2191,2025-12-15 14:00:00,Residencial Mirador,Barcelona,Residencial,9800,15.3,88.8,171.1,85,1,Ventilacion,20.07,0.0,Llano,3.32
747,2025-01-09 14:00:00,Hospital Sur,Sevilla,Sanitario,21000,16.7,70.3,346.1,380,0,Apagado,190.53,69.23,Llano,19.61
873,2025-05-17 00:00:00,Hospital Sur,Sevilla,Sanitario,21000,19.2,57.7,0.0,225,0,Apagado,178.42,0.0,Valle,15.56
1981,2025-05-21 00:00:00,Residencial Mirador,Barcelona,Residencial,9800,17.1,77.3,0.0,293,0,Apagado,97.01,0.0,Valle,8.31
575,2025-07-24 14:00:00,Campus Norte,Bilbao,Educativo,8600,24.9,68.2,721.0,97,0,Apagado,13.18,57.98,Llano,-2.75
2089,2025-09-06 00:00:00,Residencial Mirador,Barcelona,Residencial,9800,21.2,72.9,0.0,329,No,Apagado,94.15,0.0,Valle,9.97
1650,2025-06-26 08:00:00,Planta Logistica R2,Zaragoza,Industrial,26000,25.4,57.9,362.9,169,1,Refrigeracion,164.88,99.41,Llano,10.14
938,2025-07-20 08:00:00,Hospital Sur,Sevilla,Sanitario,21000,26.5,51.8,410.3,424,1,Refrigeracion,208.0,82.61,Valle,12.29
2069,2025-08-17 00:00:00,Residencial Mirador,Barcelona,Residencial,9800,20.3,81.9,0.0,269,0,Apagado,87.05,0.0,Valle,9.01
483,2025-04-23 14:00:00,Campus Norte,BILBAO,Educativo,8600,17.8,68.1,669.4,810,0,Apagado,82.42,52.77,Llano,4.06
547,2025-06-26 14:00:00,Campus Norte,Bilbao,Educativo,8600,24.9,76.1,659.7,783,1,Refrigeracion,78.58,50.85,Llano,4.22
1057,2025-11-17 00:00:00,Hospital Sur,Sevilla,Sanitario,21000,8.1,,0.0,243,1,Calefaccion,179.32,0.0,Valle,20.41
1379,2025-09-30 14:00:00,Centro Comercial Delta,Valencia,Comercial,17400,22.3,66.6,688.7,1394,0,Apagado,207.26,83.53,Llano,21.95
235,2025-08-21 14:00:00,Torre Atlantida,Madrid,Oficinas,12500,29.4,47.8,864.6,682,1,Refrigeracion,112.22,135.14,Llano,-1.55
920,2025-06-30 20:00:00,Hospital Sur,Sevilla,Sanitario,21000,29.8,54.0,63.8,423,1,Refrigeracion,311.73,12.48,Punta,69.13
1149,2025-02-14 00:00:00,Centro Comercial Delta,Valencia,Comercial,17400,12.7,72.7,0.0,151,0,Apagado,55.08,0.0,Valle,5.13
755,2025-01-17 14:00:00,Hospital Sur,Sevilla,Sanitario,21000,14.2,83.3,351.4,419,1,Calefaccion,196.78,69.77,Llano,20.26
1812,2025-12-03 20:00:00,Planta Logistica R2,Zaragoza,Industrial,26000,7.8,77.3,0.0,156,1,Calefaccion,1963.38,0.0,Punta,75.12
1767,2025-10-20 14:00:00,Planta Logistica R2,Zaragoza,Industrial,26000,20.4,71.3,505.7,172,0,Apagado,149.5,141.64,Llano,1.4
132,2025-05-09 20:00:00,Torre Atlantida,madrid,Oficinas,12500,20.0,43.0,0.0,38,0,Apagado,36.46,0.0,Punta,7.86
852,2025-04-23 20:00:00,Hospital Sur,Sevilla,Sanitario,21000,26.9,57.4,0.0,,1,Refrigeracion,305.64,0.0,Punta,65.01
650,2025-10-08 08:00:00,Campus Norte,Bilbao,Educativo,8600,13.2,83.6,60.6,908,si,Calefaccion,127.24,4.19,Llano,21.61
682,2025-11-09 08:00:00,Campus Norte,Bilbao,Educativo,8600,10.8,89.0,0.0,0,0,Apagado,13.4,0.0,Valle,1.41
954,2025-08-05 08:00:00,Hospital Sur,Sevilla,Sanitario,21000,26.0,49.1,384.3,395,1,Refrigeracion,220.67,77.72,Llano,23.09
225,2025-08-13 00:00:00,Torre Atlantida,Madrid,Oficinas,12500,16.5,47.7,0.0,0,0,Apagado,24.43,0.0,Valle,2.45
841,2025-04-15 00:00:00,Hospital Sur,Sevilla,Sanitario,21000,12.7,65.4,0.0,204,si,Calefaccion,179.32,0.0,Valle,15.03
777,2025-02-10 00:00:00,Hospital Sur,Sevilla,Sanitario,21000,5.8,78.1,0.0,178,1,Calefaccion,175.55,0.0,Valle,16.62
2042,2025-07-20 08:00:00,Residencial Mirador,Barcelona,Residencial,9800,21.5,,356.2,107,0,Apagado,25.98,0.0,Valle,2.53
63,2025-03-02 14:00:00,Torre Atlantida,Madrid,Oficinas,12500,17.5,62.1,467.1,0,0,Apagado,16.05,77.86,Valle,-2.2
102,2025-04-11 08:00:00,Torre Atlantida,Madrid,Oficinas,12500,16.2,57.3,248.4,279,0,Apagado,66.09,35.26,Llano,4.2
1411,2025-11-01 14:00:00,Centro Comercial Delta,Valencia,Comercial,17400,-999.0,65.7,555.4,1530,0,Apagado,217.4,67.37,Valle,16.47
2103,2025-09-18 14:00:00,Residencial Mirador,Barcelona,Residencial,9800,24.9,54.5,791.9,70,1,Refrigeracion,21.7,0.0,Llano,3.66
1311,2025-07-24 14:00:00,Centro Comercial Delta,Valencia,Comercial,17400,32.6,53.1,808.9,1369,1,Refrigeracion,227.48,105.34,Llano,19.11
1585,2025-04-23 00:00:00,Planta Logistica R2,Zaragoza,Industrial,26000,13.9,69.2,0.0,54,1,Calefaccion,109.02,0.0,Valle,9.41
301,2025-10-28 00:00:00,Torre Atlantida,Madrid,Oficinas,12500,1.1,76.4,0.0,40,0,Apagado,26.41,0.0,Valle,2.84
24,2025-01-21 20:00:00,Torre Atlantida,Madrid,Oficinas,12500,3.8,77.8,0.0,37,1,Calefaccion,44.05,0.0,Punta,10.59
261,2025-09-18 00:00:00,Torre Atlantida,Madrid,Oficinas,12500,19.5,48.9,0.0,0,0,Apagado,23.6,0.0,Valle,2.61
224,2025-08-09 20:00:00,Torre Atlantida,Madrid,Oficinas,12500,26.7,47.9,0.0,16,0,Apagado,25.1,0.0,Valle,2.56
2077,2025-08-25 00:00:00,Residencial Mirador,Barcelona,Residencial,9800,18.9,82.4,0.0,314,0,Apagado,94.49,0.0,Valle,9.86
1035,2025-10-24 14:00:00,Hospital Sur,Sevilla,Sanitario,21000,26.7,57.7,602.9,397,1,Refrigeracion,225.22,120.75,Llano,18.1
918,2025-06-30 08:00:00,Hospital Sur,Sevilla,Sanitario,21000,23.9,44.2,414.7,404,1,Ventilacion,190.96,84.98,Llano,15.81
1770,2025-10-24 08:00:00,Planta Logistica R2,Zaragoza,Industrial,26000,10.5,77.4,37.8,159,1,Calefaccion,268.5,10.41,Llano,45.22
480,2025-04-19 20:00:00,Campus Norte,Bilbao,Educativo,8600,14.9,83.8,0.0,21,0, APAGADO,13.12,0.0,Valle,1.15
288,2025-10-12 20:00:00,Torre Atlantida,Madrid,Oficinas,12500,15.8,73.6,,0,0,Apagado,22.79,0.0,Valle,2.44
2076,2025-08-21 20:00:00,Residencial Mirador,Barcelona,Residencial,9800,26.3,64.8,0.0,305,1,Refrigeracion,96.8,0.0,Punta,24.98
2181,2025-12-07 00:00:00,Residencial Mirador,Barcelona,Residencial,9800,6.1,91.6,0.0,312,1,Calefaccion,90.17,0.0,Valle,
1281,2025-06-26 00:00:00,Centro Comercial Delta,Valencia,Comercial,17400,21.0,78.1,0.0,67,0,Apagado,46.75,0.0,Valle,4.48
2008,2025-06-14 20:00:00,Residencial Mirador,Barcelona,Residencial,9800,24.4,69.5,56.2,322,1,Refrigeracion,92.38,0.0,Valle,
1171,2025-03-06 14:00:00,Centro Comercial Delta,Valencia,Comercial,17400,16.3,75.5,510.7,1398,0,Apagado,190.64,66.46,Llano,17.47
513,2025-05-25 00:00:00,Campus Norte,Bilbao,Educativo,8600,16.1,81.7,0.0,16,0,Apagado,12.97,0.0,Valle,1.13
871,2025-05-13 14:00:00,Hospital Sur,Sevilla,Sanitario,21000,28.8,52.3,648.7,422,1, REFRIGERACION,227.59,133.64,Llano,12.92
1874,2025-02-02 08:00:00,Residencial Mirador,Barcelona,Residencial,9800,12.0,93.1,0.0,120,TRUE,Calefaccion,49.98,0.0,Valle,4.84
1455,2025-12-15 14:00:00,Centro Comercial Delta,Valencia,Comercial,17400,19.6,67.3,429.3,1345,0,Apagado,206.86,56.27,Llano,25.19
412,2025-02-10 20:00:00,Campus Norte,Bilbao,Educativo,8600,8.0,93.7,0.0,92,1, CALEFACCION,27.85,0.0,Punta,6.18
875,2025-05-17 14:00:00,Hospital Sur,Sevilla,Sanitario,21000,29.5,50.1,567.8,403,1,Refrigeracion,208.7,110.08,Valle,8.36
1494,2025-01-21 08:00:00,Planta Logistica R2,Zaragoza,Industrial,26000,5.5,105.4,0.0,175,1,Calefaccion,262.61,0.0,Llano,41.52
377,2025-01-09 00:00:00,Campus Norte, Bilbao,Educativo,8600,3.3,98.9,0.0,97,1,Calefaccion,33.15,0.0,Valle,3.3
263,2025-09-18 14:00:00,Torre Atlantida, Madrid,Oficinas,12500,26.2,50.8,727.5,576,1,Refrigeracion,104.87,115.45,Llano,-0.73
1481,2025-01-09 00:00:00,Planta Logistica R2,Zaragoza,Industrial,26000,-0.5,72.1,0.0,54,1,Calefaccion,138.6,0.0,Valle,14.05
1293,2025-07-08 00:00:00,Centro Comercial Delta,Valencia,Comercial,17400,,72.5,0.0,188,0,Apagado,56.28,0.0,Valle,5.16
840,2025-04-11 20:00:00,Hospital Sur,Sevilla,Sanitario,21000,20.4,52.7,0.0,443,0,Apagado,285.81,0.0,Punta,59.85
2086,2025-09-02 08:00:00,Residencial Mirador,Barcelona,Residencial,9800,20.5,61.5,234.4,62,0, APAGADO,17.11,0.0,Llano,2.94
946,2025-07-28 08:00:00,Hospital Sur,Sevilla,Sanitario,21000,27.6,48.9,436.2,,Si,Refrigeracion,202.21,90.19,Llano,18.45
1504,2025-01-29 20:00:00,Planta Logistica R2,Zaragoza,Industrial,26000,6.5,82.4,0.0,162,Si,Calefaccion,273.99,0.0,Punta,63.57
1740,2025-09-22 20:00:00,Planta Logistica R2,Zaragoza,Industrial,26000,21.6,61.6,0.0,170,0,Apagado,,0.0,Punta,62.81
727,2025-12-23 14:00:00,Campus Norte,Bilbao,Educativo,8600,8.9,93.1,239.1,0,0,Apagado,7.12,18.66,Llano,-0.75
1903,2025-03-02 14:00:00,Residencial Mirador,Barcelona,Residencial,9800,18.1,88.4,426.7,104,FALSE,Apagado,23.62,0.0,Valle,2.13
802,2025-03-06 08:00:00,Hospital Sur,Sevilla,Sanitario,21000,10.1,77.5,85.7,433,1,Calefaccion,279.44,15.46,Llano,38.3
367,2025-12-31 14:00:00,Torre Atlantida,Madrid,Oficinas,12500,12.5,59.1,400.2,639,1,Calefaccion,108.85,60.39,Llano,7.8
13,2025-01-13 00:00:00,Torre Atlantida,Madrid,Oficinas,12500,0.5,78.8,0.0,0,no,Apagado,24.54,0.0,Valle,2.43
130,2025-05-09 08:00:00,Torre Atlantida,Madrid,Oficinas,12500,14.9,61.3,384.2,354,1,Ventilacion,69.88,62.21,Llano,1.07
1175,2025-03-10 14:00:00,Centro Comercial Delta,Valencia,Comercial,17400,20.0,79.8,395.4,1329,0,Apagado,192.2,46.8,Llano,20.78
789,2025-02-22 00:00:00,Hospital Sur,Sevilla,Sanitario,21000,6.7,70.0,0.0,251,1,Calefaccion,172.91,0.0,Valle,15.8
1538,2025-03-06 08:00:00,Planta Logistica R2,Zaragoza,Industrial,26000,7.6,79.4,69.4,157,1,Calefaccion,248.91,17.89,Llano,32.6
510,2025-05-21 08:00:00,Campus Norte,Bilbao,Educativo,8600,16.1,81.3,266.0,811,0,Apagado,82.67,18.97,Llano,8.97
409,2025-02-10 00:00:00,Campus Norte,Bilbao,Educativo,8600,5.0,99.0,0.0,72,1,Calefaccion,27.39,0.0,Valle,2.64
1800,2025-11-21 20:00:00,Planta Logistica R2,Zaragoza,Industrial,26000,11.4,65.9,0.0,178,1,Calefaccion,270.4,0.0,Punta,73.52
725,2025-12-23 00:00:00,Campus Norte,Bilbao,Educativo,8600,8.7,95.7,0.0,88,0,Apagado,17.74,0.0,Valle,1.81
1662,2025-07-08 08:00:00,Planta Logistica R2,Zaragoza,Industrial,26000,26.3,66.4,363.8,163,1,Refrigeracion,164.56,94.25,Llano,11.05
832,2025-04-03 20:00:00,Hospital Sur,Sevilla,Sanitario,21000,21.8,67.6,0.0,404,FALSE,Apagado,258.13,0.0,Punta,54.08
2143,2025-10-28 14:00:00,Residencial Mirador,Barcelona,Residencial,9800,19.8,73.2,555.9,84,0,Apagado,20.99,0.0,Llano,3.6
1633,2025-06-10 00:00:00,Planta Logistica R2,Zaragoza,Industrial,26000,18.5,58.9,0.0,60,0,Apagado,114.65,0.0,Valle,10.43
1968,2025-05-05 20:00:00,Residencial Mirador,Barcelona,Residencial,9800,21.5,71.3,0.0,305,0,Apagado,93.43,0.0,Punta,18.89
1918,2025-03-18 08:00:00,Residencial Mirador,Barcelona,Residencial,9800,12.2,81.0,188.4,82,1,Calefaccion,21.95,0.0,Llano,3.01
1053,2025-11-13 00:00:00,Hospital Sur,Sevilla,Sanitario,21000,6.0,71.5,0.0,211,1,Calefaccion,189.1,0.0,Valle,20.46
598,2025-08-17 08:00:00,Campus Norte,Bilbao,Educativo,8600,17.1,79.0,238.7,59,0,Apagado,11.3,17.77,Valle,-0.28
611,2025-08-29 14:00:00,Campus Norte,Bilbao,Educativo,8600,23.4,90.7,428.0,0,No,Apagado,7.33,30.76,Llano,-1.6
679,2025-11-05 14:00:00,Campus Norte,Bilbao,Educativo,8600,,90.5,454.6,825,1,Calefaccion,83.72,34.41,Llano,8.58
2082,2025-08-29 08:00:00,Residencial Mirador,Barcelona,Residencial,9800,23.7,79.4,224.4,60,1,Ventilacion,17.76,0.0,Llano,3.03
373,2025-01-05 00:00:00,Campus Norte,Bilbao,Educativo,8600,5.0,94.1,0.0,16,0,Apagado,12.19,0.0,Valle,1.21
39,2025-02-06 14:00:00,Torre Atlantida,Madrid,Oficinas,12500,11.6,64.5,415.6,602,1,Calefaccion,108.58,66.0,Llano,6.43
1877,2025-02-06 00:00:00,Residencial Mirador,Barcelona,Residencial,9800,5.8,84.5,0.0,332,1,Calefaccion,98.95,0.0,Valle,9.12
1636,2025-06-10 20:00:00,Planta Logistica R2,Zaragoza,Industrial,26000,26.5,51.0,76.5,178,TRUE,Refrigeracion,286.09,20.64,Punta,57.79
1375,2025-09-26 14:00:00,Centro Comercial Delta,Valencia,Comercial,17400,24.0,75.2,545.2,1296,1,Ventilacion,191.35,70.51,Llano,20.77
77,2025-03-18 00:00:00,Torre Atlantida,Madrid,Oficinas,12500,5.1,67.3,0.0,20,0,Apagado,23.71,0.0,Valle,2.16
1170,2025-03-06 08:00:00,Centro Comercial Delta,Valencia,Comercial,17400,13.0,94.6,50.9,19,0,Apagado,48.96,6.81,Llano,6.06
1216,2025-04-19 20:00:00,Centro Comercial Delta, Valencia,Comercial,17400,18.1,82.3,0.0,1496,0,Apagado,324.54,0.0,Valle,28.23
46,2025-02-14 08:00:00,Torre Atlantida,Madrid,Oficinas,12500,6.6,71.4,50.9,326,1,Calefaccion,115.86,7.49,Llano,15.67
854,2025-04-27 08:00:00,Hospital Sur,SEVILLA,Sanitario,21000,20.4,63.3,271.6,426,0,Apagado,205.4,51.36,Valle,13.62
302,2025-10-28 08:00:00,Torre Atlantida,Madrid,Oficinas,12500,9.1,50.8,26.0,404,1,Calefaccion,103.14,4.13,Llano,17.41
2146,2025-11-01 08:00:00,Residencial Mirador,Barcelona,Residencial,9800,14.7,95.3,0.0,154,1,Ventilacion,48.28,0.0,Valle,5.22
1533,2025-03-02 00:00:00,Planta Logistica R2,Zaragoza,Industrial,26000,3.9,80.0,0.0,14,1,Calefaccion,91.58,0.0,Valle,8.28
1904,2025-03-02 20:00:00,Residencial Mirador,Barcelona,Residencial,9800,12.1,90.3,0.0,315,1,Calefaccion,97.28,0.0,Valle,8.57
2148,2025-11-01 20:00:00,Residencial Mirador,Barcelona,Residencial,9800,17.3,77.9,0.0,313,0,Apagado,95.22,0.0,Valle,10.4
1471,2025-12-31 14:00:00,Centro Comercial Delta,Valencia,Comercial,17400,15.3,78.1,485.3,1238,1,Ventilacion,198.92,69.01,Llano,20.86
215,2025-08-01 14:00:00,Torre Atlantida,Madrid,Oficinas,12500,27.6,48.4,758.2,637,1,Refrigeracion,114.39,110.48,Llano,0.62
1194,2025-03-30 08:00:00,Centro Comercial Delta,Valencia,Comercial,17400,15.7,84.8,145.7,68,1,Ventilacion,36.94,18.4,Valle,1.61
339,2025-12-03 14:00:00,Torre Atlantida,Madrid,Oficinas,12500,14.1,81.1,252.5,581,1,Calefaccion,103.04,41.26,Llano,10.61
259,2025-09-14 14:00:00,Torre Atlantida,Madrid,Oficinas,12500,25.4,50.9,779.2,7,0,Apagado,15.46,123.86,Valle,-4.53
1542,2025-03-10 08:00:00,Planta Logistica R2,Zaragoza,Industrial,26000,8.9,73.4,122.6,156,1,Calefaccion,175.48,34.68,Llano,20.08
1880,2025-02-06 20:00:00,Residencial Mirador,Barcelona,Residencial,9800,8.5,88.6,0.0,307,1,Calefaccion,91.48,0.0,Punta,21.74
567,2025-07-16 14:00:00,Campus Norte,Bilbao,Educativo,8600,25.1,74.0,779.7,41,0, APAGADO,10.11,63.22,Llano,-3.3
979,2025-08-29 14:00:00,Hospital Sur,Sevilla,Sanitario,21000,32.7,42.3,842.3,375,1,Refrigeracion,217.53,165.45,Llano,8.85
1009,2025-09-30 00:00:00,Hospital Sur,Sevilla,Sanitario,21000,17.1,65.3,0.0,210,0,Apagado,179.73,0.0,Valle,19.2
959,2025-08-09 14:00:00,Hospital Sur,Sevilla,Sanitario,21000,35.2,40.3,844.5,413,1,Refrigeracion,242.4,147.79,Valle,9.55
424,2025-02-22 20:00:00,Campus Norte,Bilbao,Educativo,8600,8.4,99.0,0.0,0,0,Apagado,12.89,0.0,Valle,1.13
1459,2025-12-19 14:00:00,Centro Comercial Delta,Valencia,Comercial,17400,14.5,70.0,411.7,1312,1,Ventilacion,208.73,50.83,Llano,26.59
1730,2025-09-14 08:00:00,Planta Logistica R2,Zaragoza,Industrial,26000,19.0,71.5,218.1,44,0,Apagado,79.84,59.35,Valle,2.34
101,2025-04-11 00:00:00,Torre Atlantida,Madrid,Oficinas,12500,13.2,73.6,0.0,9,0,Apagado,23.65,0.0,Valle,2.01
309,2025-11-05 00:00:00,Torre Atlantida,Madrid,Oficinas,12500,8.5,75.9,0.0,53,0, APAGADO,25.67,0.0,Valle,2.78
2001,2025-06-10 00:00:00,Residencial Mirador,Barcelona,Residencial,9800,,75.7,0.0,312,0,Apagado,99.35,0.0,Valle,9.05
765,2025-01-29 00:00:00,Hospital Sur,Sevilla,Sanitario,21000,4.9,84.1,0.0,196,1,Calefaccion,191.07,0.0,Valle,17.79
629,2025-09-18 00:00:00,Campus Norte,Bilbao,Educativo,8600,14.2,95.1,0.0,142,TRUE, CALEFACCION,27.51,0.0,Valle,2.96
1393,2025-10-16 00:00:00,Centro Comercial Delta,Valencia,Comercial,17400,14.5,69.4,0.0,0,0,Apagado,45.29,0.0,Valle,4.97
2195,2025-12-19 14:00:00,Residencial Mirador,Barcelona,Residencial,9800,15.2,93.1,259.9,65,1,Ventilacion,17.77,0.0,Llano,2.91
655,2025-10-12 14:00:00,Campus Norte,Bilbao,Educativo,8600,16.2,73.2,,33,0,Apagado,9.43,42.62,Valle,-1.48
1830,2025-12-23 08:00:00,Planta Logistica R2,Zaragoza,Industrial,26000,4.9,83.8,0.0,169,1,Calefaccion,257.82,0.0,Llano,41.35
1758,2025-10-12 08:00:00,Planta Logistica R2,Zaragoza,Industrial,26000,11.8,67.6,81.6,16,0,Apagado,49.16,22.75,Valle,2.91
762,2025-01-25 08:00:00,Hospital Sur,Sevilla,Sanitario,21000,5.2,66.4,0.0,432,TRUE,Calefaccion,284.17,0.0,Valle,26.66
1353,2025-09-06 00:00:00,Centro Comercial Delta,Valencia,Comercial,17400,19.2,78.5,0.0,93,0,Apagado,47.31,0.0,Valle,5.07
2109,2025-09-26 00:00:00,Residencial Mirador,Barcelona,Residencial,9800,15.8,73.9,0.0,319,1,Ventilacion,95.05,0.0,Valle,10.5
2028,2025-07-04 20:00:00,Residencial Mirador,Barcelona,Residencial,9800,22.4,75.4,100.5,322,0,Apagado,91.8,0.0,Punta,21.13
482,2025-04-23 08:00:00,Campus Norte,Bilbao,Educativo,8600,15.7,89.3,172.9,801,TRUE,Ventilacion,84.17,12.22,Llano,9.98
1534,2025-03-02 08:00:00,Planta Logistica R2,Zaragoza,Industrial,26000,4.4,88.5,73.9,72,1,Calefaccion,146.14,20.76,Valle,11.36
1601,2025-05-09 00:00:00,Planta Logistica R2,Zaragoza,Industrial,26000,14.6,,0.0,74,1,Ventilacion,118.23,0.0,Valle,10.09
38,2025-02-06 08:00:00,Torre Atlantida,Madrid,Oficinas,12500,4.3,62.5,28.9,337,TRUE,Calefaccion,111.51,4.17,Llano,16.24
1394,2025-10-16 08:00:00,Centro Comercial Delta,Valencia,Comercial,17400,14.0,70.3,85.7,17,0,Apagado,44.43,11.07,Llano,5.81
1583,2025-04-19 14:00:00,Planta Logistica R2,Zaragoza,Industrial,26000,22.1,53.8,682.1,74,0,Apagado,78.74,163.75,Valle,-2.9
666,2025-10-24 08:00:00,Campus Norte,Bilbao,Educativo,8600,13.0,83.2,73.8,842,1,Calefaccion,118.34,5.28,Llano,20.22
1680,2025-07-24 20:00:00,Planta Logistica R2,Zaragoza,Industrial,26000,25.2,41.9,76.6,150,1,Refrigeracion,248.48,21.1,Punta,57.0
1959,2025-04-27 14:00:00,Residencial Mirador,Barcelona,Residencial,9800,22.7,76.9,605.4,,0,Apagado,28.11,0.0,Valle,2.46
1498,2025-01-25 08:00:00,Planta Logistica R2,Zaragoza,Industrial,26000,3.5,66.2,0.0,49,1,Calefaccion,141.43,0.0,Valle,14.04
549,2025-06-30 00:00:00,Campus Norte,Bilbao,Educativo,8600,17.3,74.5,0.0,43,0,Apagado,20.24,0.0,Valle,1.93
129,2025-05-09 00:00:00,Torre Atlantida,Madrid,Oficinas,12500,11.5,62.8,0.0,31,0,Apagado,23.8,0.0,Valle,2.08
1784,2025-11-05 20:00:00,Planta Logistica R2,Zaragoza,Industrial,26000,11.3,70.1,0.0,170,1,Calefaccion,232.57,0.0,Punta,61.49
792,2025-02-22 20:00:00,Hospital Sur,Sevilla,Sanitario,21000,13.5,80.4,0.0,427,1,Calefaccion,298.29,0.0,Valle,27.65
1717,2025-09-02 00:00:00,Planta Logistica R2,Zaragoza,Industrial,26000,17.9,57.0,0.0,34,0,Apagado,110.27,0.0,Valle,11.75
601,2025-08-21 00:00:00,Campus Norte,Bilbao,Educativo,8600,14.5,88.3,0.0,0,0,Apagado,12.08,0.0,Valle,1.26
1704,2025-08-17 20:00:00,Planta Logistica R2,Zaragoza,Industrial,26000,26.0,53.7,0.0,70,1,Refrigeracion,862.7,0.0,Valle,15.96
1462,2025-12-23 08:00:00,Centro Comercial Delta,Valencia,Comercial,17400,10.0,87.4,0.0,182,0,Apagado,56.09,0.0,Llano,9.46
658,2025-10-16 08:00:00,Campus Norte,BILBAO,Educativo,8600,14.4,,64.8,764,1,Calefaccion,115.58,4.67,Llano,19.58
41,2025-02-10 00:00:00,Torre Atlantida,Madrid,Oficinas,12500,2.9,85.7,0.0,34,0,Apagado,27.79,0.0,Valle,2.6
1635,2025-06-10 14:00:00,Planta Logistica R2,Zaragoza,Industrial,26000,25.1,56.8,862.7,164,1,Refrigeracion,150.82,240.23,Llano,-5.15
1695,2025-08-09 14:00:00,Planta Logistica R2,Zaragoza,Industrial,26000,30.8,57.7,769.5,73,1,Refrigeracion,114.85,217.62,Valle,-4.28
2057,2025-08-05 00:00:00,Residencial Mirador,Barcelona,Residencial,9800,17.7,72.9,0.0,306,0,Apagado,92.49,0.0,Valle,9.32
1532,2025-02-26 20:00:00,Planta Logistica R2,Zaragoza,Industrial,26000,10.3,68.4,0.0,185,1,Calefaccion,252.33,0.0,Punta,56.52
1321,2025-08-05 00:00:00,Centro Comercial Delta,Valencia,Comercial,17400,21.6,75.8,0.0,215,0,Apagado,58.18,0.0,Valle,5.96
296,2025-10-20 20:00:00,Torre Atlantida, Madrid ,Oficinas,12500,19.1,65.8,0.0,116,0,Apagado,45.32,0.0,Punta,12.14
1625,2025-06-02 00:00:00,Planta Logistica R2,Zaragoza,Industrial,26000,21.4,66.2,0.0,68,0,Apagado,111.93,0.0,Valle,9.94
690,2025-11-17 08:00:00,Campus Norte,BILBAO,Educativo,8600,7.7,99.0,0.0,822,1,Calefaccion,125.14,0.0,Llano,21.47
448,2025-03-18 20:00:00,Campus Norte,Bilbao,Educativo,8600,11.9,99.0,0.0,62,1,Calefaccion,24.77,0.0,Punta,5.42
984,2025-09-02 20:00:00,Hospital Sur,Sevilla,Sanitario,21000,27.7,56.0,0.0,381,1,Refrigeracion,295.98,0.0,Punta,75.0
2131,2025-10-16 14:00:00,Residencial Mirador,Barcelona,Residencial,9800,20.2,64.8,583.6,71,no,Apagado,18.6,0.0,Llano,3.3
1659,2025-07-04 14:00:00,Planta Logistica R2,Zaragoza,Industrial,26000,32.1,60.2,740.2,158,si,Refrigeracion,169.23,205.44,Llano,-2.3
637,2025-09-26 00:00:00,Campus Norte,Bilbao,Educativo,8600,10.8,81.0,0.0,56,1,Calefaccion,25.33,0.0,Valle,2.74
356,2025-12-19 20:00:00,Torre Atlantida,Madrid,Oficinas,12500,6.3,83.4,0.0,77,1, CALEFACCION,44.96,0.0,Punta,11.02
57,2025-02-26 00:00:00,Torre Atlantida,Madrid,Oficinas,12500,1.9,80.0,0.0,9,0,Apagado,22.92,0.0,Valle,2.0
1640,2025-06-14 20:00:00,Planta Logistica R2,Zaragoza,Industrial,26000,23.4,64.8,64.0,45,1,Ventilacion,134.87,16.64,Valle,10.91
856,2025-04-27 20:00:00,Hospital Sur,Sevilla,Sanitario,21000,22.6,50.3,0.0,426,0,Apagado,268.43,0.0,Valle,22.87
2007,2025-06-14 14:00:00,Residencial Mirador,Barcelona,Residencial,9800,29.6,49.9,875.0,111,1,Refrigeracion,33.52,0.0,Valle,3.06
1666,2025-07-12 08:00:00,Planta Logistica R2,Zaragoza,Industrial,26000,25.5,67.4,328.9,73,1,Refrigeracion,87.4,88.8,Valle,-0.06
1924,2025-03-22 20:00:00,Residencial Mirador,Barcelona,Residencial,9800,14.8,76.7,0.0,299,1,Ventilacion,544.82,0.0,Valle,9.44
992,2025-09-10 20:00:00,Hospital Sur,Sevilla,Sanitario,21000,28.5,57.6,0.0,390,1,Refrigeracion,286.63,0.0,Punta,72.8
455,2025-03-26 14:00:00,Campus Norte,Bilbao,Educativo,8600,17.3,81.7,495.0,844,0,Apagado,87.01,37.26,Llano,6.93
530,2025-06-10 08:00:00,Campus Norte,bilbao,Educativo,8600,18.9,78.8,297.1,768,0, APAGADO,75.84,21.34,Llano,7.82
1362,2025-09-14 08:00:00,Centro Comercial Delta,Valencia,Comercial,17400,19.7,79.4,167.9,86,0,Apagado,41.61,20.81,Valle,2.26
1912,2025-03-10 20:00:00,Residencial Mirador,Barcelona,Residencial,9800,12.7,85.5,0.0,317,1,Calefaccion,100.11,0.0,Punta,22.01
919,2025-06-30 14:00:00,Hospital Sur,Sevilla,Sanitario,21000,34.6,48.3,721.8,420,1,Refrigeracion,239.33,145.23,Llano,13.6
32,2025-01-29 20:00:00,Torre Atlantida,Madrid,Oficinas,12500,8.2,70.2,0.0,49,1,Calefaccion,43.41,0.0,Punta,10.24
1181,2025-03-18 00:00:00,Centro Comercial Delta,Valencia,Comercial,17400,12.8,69.2,0.0,93,0,Apagado,49.75,0.0,Valle,4.47
1592,2025-04-27 20:00:00,Planta Logistica R2,Zaragoza,Industrial,26000,22.0,43.5,0.0,65,0,Apagado,135.81,0.0,Valle,12.17
1159,2025-02-22 14:00:00,Centro Comercial Delta,Valencia,Comercial,17400,17.3,92.1,209.9,1556,0,Apagado,231.36,26.95,Valle,18.93
1426,2025-11-17 08:00:00,Centro Comercial Delta,Valencia,Comercial,17400,16.1,70.7,0.0,143,0,Apagado,52.18,0.0,Llano,9.05
838,2025-04-11 08:00:00,Hospital Sur,Sevilla,Sanitario,21000,14.2,71.3,160.7,452,1,Calefaccion,194.91,33.08,Llano,21.86
810,2025-03-14 08:00:00,Hospital Sur,Sevilla,Sanitario,21000,11.7,,140.3,421,1,Calefaccion,205.62,30.4,Llano,24.88
595,2025-08-13 14:00:00,Campus Norte,Bilbao,Educativo,8600,26.8,63.4,829.3,0,0,Apagado,8.04,57.25,Llano,-3.31
1225,2025-05-01 00:00:00,Centro Comercial Delta,Valencia,Comercial,17400,15.6,70.5,0.0,61,0,Apagado,53.67,0.0,Valle,4.7
1503,2025-01-29 14:00:00,Planta Logistica R2,Zaragoza,Industrial,26000,16.4,69.9,418.5,169,0,Apagado,153.62,114.63,Llano,5.74
1965,2025-05-05 00:00:00,Residencial Mirador,Barcelona,Residencial,9800,15.7,74.5,0.0,303,1,Ventilacion,99.81,0.0,Valle,8.83
580,2025-07-28 20:00:00,Campus Norte,Bilbao,Educativo,8600,20.4,84.7,55.8,66,0,Apagado,15.46,3.97,Punta,2.84
1646,2025-06-22 08:00:00,Planta Logistica R2,Zaragoza,Industrial,26000,24.8,43.7,446.6,57,1, REFRIGERACION,87.2,120.42,Valle,-1.26
1156,2025-02-18 20:00:00,Centro Comercial Delta, Valencia ,Comercial,17400,12.0,77.5,0.0,1355,1,Calefaccion,280.15,0.0,Punta,63.48
486,2025-04-27 08:00:00,Campus Norte,Bilbao,Educativo,8600,11.8,77.5,246.9,0,0,Apagado,8.0,19.01,Valle,-0.39
829,2025-04-03 00:00:00,Hospital Sur, Sevilla ,Sanitario,21000,12.0,65.8,0.0,188,1, CALEFACCION,168.6,0.0,Valle,15.07
1329,2025-08-13 00:00:00,Centro Comercial Delta,Valencia,Comercial,17400,22.0,70.3,0.0,49,no,Apagado,48.22,0.0,Valle,4.9
1191,2025-03-26 14:00:00,Centro Comercial Delta, Valencia,Comercial,17400,24.2,73.9,472.9,1457,1,Refrigeracion,214.09,58.82,Llano,21.27
1626,2025-06-02 08:00:00,Planta Logistica R2,Zaragoza,Industrial,26000,21.4,57.2,443.4,178,0,Apagado,161.7,110.23,Llano,7.54
1557,2025-03-26 00:00:00,Planta Logistica R2,Zaragoza,Industrial,26000,5.8,78.9,0.0,54,1,Calefaccion,132.22,0.0,Valle,12.06
1785,2025-11-09 00:00:00,Planta Logistica R2,Zaragoza,Industrial,26000,6.9,93.1,0.0,23,1,Calefaccion,86.47,0.0,Valle,9.26
1272,2025-06-14 20:00:00,Centro Comercial Delta,Valencia,Comercial,17400,,61.7,81.0,1620,1,Refrigeracion,357.38,10.02,Valle,31.64
2100,2025-09-14 20:00:00,Residencial Mirador,Barcelona,Residencial,9800,20.8,73.5,0.0,283,0,Apagado,96.16,0.0,Valle,10.13
481,2025-04-23 00:00:00,Campus Norte,Bilbao,Educativo,8600,12.9,82.8,0.0,71,1,Calefaccion,22.42,0.0,Valle,1.97
1803,2025-11-25 14:00:00,Planta Logistica R2,Zaragoza,Industrial,26000,12.4,82.1,469.1,189,1,Calefaccion,162.08,112.47,Llano,8.42
857,2025-05-01 00:00:00,Hospital Sur,Sevilla,Sanitario,21000,14.1,57.3,0.0,248,1,Calefaccion,171.39,0.0,Valle,15.32
1355,2025-09-06 14:00:00,Centro Comercial Delta,Valencia,Comercial,17400,28.2,54.1,677.8,1633,1,Refrigeracion,245.64,82.12,Valle,17.48
1215,2025-04-19 14:00:00,Centro Comercial Delta,Valencia,Comercial,17400,24.2,74.0,508.2,1534,1,Refrigeracion,242.97,62.96,Valle,15.44
924,2025-07-04 20:00:00,Hospital Sur,Sevilla,Sanitario,21000,31.8,36.0,73.4,402,1,Refrigeracion,308.26,14.81,Punta,71.66
1999,2025-06-06 14:00:00,Residencial Mirador,Barcelona,Residencial,9800,26.3,74.2,698.0,97,1,Refrigeracion,25.02,0.0,Llano,3.58
1669,2025-07-16 00:00:00,Planta Logistica R2,Zaragoza,Industrial,26000,22.5,69.9,0.0,34,0,Apagado,102.07,0.0,Valle,
1177,2025-03-14 00:00:00,Centro Comercial Delta,Valencia,Comercial,17400,11.3,75.7,0.0,78,0,Apagado,46.95,0.0,Valle,4.27
1082,2025-12-11 08:00:00,Hospital Sur,Sevilla,Sanitario,21000,8.7,75.4,0.0,408,1,Calefaccion,281.17,0.0,Llano,46.67
859,2025-05-01 14:00:00,Hospital Sur,Sevilla,Sanitario,21000,30.4,44.1,714.3,389,si,Refrigeracion,233.41,137.66,Valle,8.29
454,2025-03-26 08:00:00,Campus Norte,Bilbao,Educativo,8600,10.6,94.8,,785,1,Calefaccion,112.95,8.63,Llano,14.84
1253,2025-05-29 00:00:00,Centro Comercial Delta,Valencia,Comercial,17400,18.5,65.8,0.0,125,0,Apagado,55.99,0.0,Valle,4.99
529,2025-06-10 00:00:00,Campus Norte,Bilbao,Educativo,8600,16.4,90.0,0.0,106,0,Apagado,22.33,0.0,Valle,1.98
81,2025-03-22 00:00:00,Torre Atlantida,Madrid,Oficinas,12500,6.5,61.5,0.0,0,0,Apagado,22.41,0.0,Valle,1.89
2055,2025-08-01 14:00:00,Residencial Mirador,Barcelona,Residencial,9800,30.1,74.8,827.2,68,1,Refrigeracion,26.77,0.0,Llano,4.14
1889,2025-02-18 00:00:00,Residencial Mirador,Barcelona,Residencial,9800,6.1,87.6,0.0,301,1,Calefaccion,97.35,0.0,Valle,9.12
1987,2025-05-25 14:00:00,Residencial Mirador, Barcelona,Residencial,9800,23.8,59.3,855.1,129,1,Ventilacion,26.59,0.0,Valle,2.28
1751,2025-10-04 14:00:00,Planta Logistica R2,Zaragoza,Industrial,26000,19.0,60.9,677.2,62,0, APAGADO,77.68,170.44,Valle,-4.0
1480,2025-01-05 20:00:00,Planta Logistica R2,Zaragoza,Industrial,26000,6.8,,0.0,77,1,Calefaccion,139.42,0.0,Valle,14.15
1857,2025-01-17 00:00:00,Residencial Mirador,Barcelona,Residencial,9800,5.7,87.4,,304,1,Calefaccion,102.46,0.0,Valle,10.29
1876,2025-02-02 20:00:00,Residencial Mirador,BARCELONA,Residencial,9800,10.2,88.3,0.0,272,1,Calefaccion,93.97,0.0,Valle,8.75
444,2025-03-14 20:00:00,Campus Norte,Bilbao,Educativo,8600,13.4,93.2,0.0,76,1,Calefaccion,21.78,0.0,Punta,4.86
66,2025-03-06 08:00:00,Torre Atlantida,Madrid,Oficinas,12500,,79.0,71.3,345,1,Calefaccion,106.92,10.73,Llano,13.81
1677,2025-07-24 00:00:00,Planta Logistica R2, Zaragoza ,Industrial,26000,21.8,58.6,0.0,64,0,Apagado,112.44,0.0,Valle,11.14
1104,2025-12-31 20:00:00,Hospital Sur,SEVILLA,Sanitario,21000,9.1,72.7,0.0,428,1,Calefaccion,313.19,0.0,Punta,79.36
1044,2025-11-01 20:00:00,Hospital Sur,Sevilla,Sanitario,21000,16.9,69.2,0.0,385,0,Apagado,275.61,0.0,Valle,30.59
2162,2025-11-17 08:00:00,Residencial Mirador,Barcelona,Residencial,9800,7.7,78.2,0.0,77,1,Calefaccion,37.23,0.0,Llano,6.41
59,2025-02-26 14:00:00,Torre Atlantida,Madrid,Oficinas,12500,13.7,64.5,329.0,613,1,Calefaccion,94.75,46.3,Llano,7.14
1466,2025-12-27 08:00:00,Centro Comercial Delta,Valencia,Comercial,17400,9.7,87.0,0.0,189,1,Calefaccion,66.56,0.0,Valle,6.82
1340,2025-08-21 20:00:00,Centro Comercial Delta,Valencia,Comercial,17400,27.1,63.7,0.0,1344,1,Refrigeracion,285.72,0.0,Punta,74.6
566,2025-07-16 08:00:00,Campus Norte,Bilbao,Educativo,8600,23.2,92.1,350.1,22,0,Apagado,8.74,24.74,Llano,
2151,2025-11-05 14:00:00,Residencial Mirador,Barcelona,Residencial,9800,18.3,89.0,453.7,55,0,Apagado,17.98,0.0,Llano,3.17
869,2025-05-13 00:00:00,Hospital Sur,Sevilla,Sanitario,21000,19.4,61.6,0.0,188,FALSE,Apagado,,0.0,Valle,14.86
255,2025-09-10 14:00:00,Torre Atlantida,Madrid,Oficinas,12500,27.9,53.1,724.7,585,1,Refrigeracion,113.42,105.0,Llano,1.49
1910,2025-03-10 08:00:00,Residencial Mirador,Barcelona,Residencial,9800,13.6,84.5,103.9,82,1,Calefaccion,35.12,0.0,Llano,5.32
1042,2025-11-01 08:00:00,Hospital Sur,Sevilla,Sanitario,21000,10.7,75.4,28.1,401,Si,Calefaccion,283.91,5.38,Valle,30.14
5,2025-01-05 00:00:00,Torre Atlantida,Madrid,Oficinas,12500,-2.2,79.6,0.0,27,0,Apagado,25.22,0.0,Valle,2.55
837,2025-04-11 00:00:00,Hospital Sur,SEVILLA,Sanitario,21000,15.9,66.7,0.0,196,1,Ventilacion,175.54,0.0,Valle,14.76
1986,2025-05-25 08:00:00,Residencial Mirador,Barcelona,Residencial,9800,20.2,71.5,430.2,108,0,Apagado,28.07,0.0,Valle,2.51
100,2025-04-07 20:00:00,Torre Atlantida,Madrid,Oficinas,12500,14.5,62.8,0.0,99,1, VENTILACION,42.51,0.0,Punta,9.09
364,2025-12-27 20:00:00,Torre Atlantida,Madrid,Oficinas,12500,6.9,83.1,0.0,8,0,Apagado,22.82,0.0,Valle,2.28
1207,2025-04-11 14:00:00,Centro Comercial Delta,Valencia,Comercial,17400,21.1,80.4,459.4,1254,0,Apagado,196.33,54.23,Llano,19.1
1343,2025-08-25 14:00:00,Centro Comercial Delta,Valencia,Comercial,17400,28.9,58.6,836.6,1258,1,Refrigeracion,218.29,98.94,Llano,20.59
37,2025-02-06 00:00:00,Torre Atlantida,Madrid,Oficinas,12500,0.6,80.7,0.0,3,0,Apagado,24.74,0.0,Valle,2.34
97,2025-04-07 00:00:00,Torre Atlantida,Madrid,Oficinas,12500,4.5,80.6,0.0,48,0,Apagado,28.87,0.0,Valle,2.57
354,2025-12-19 08:00:00,Torre Atlantida,Madrid,Oficinas,12500,3.7,76.2,0.0,339,1,Calefaccion,111.93,0.0,Llano,18.54
1141,2025-02-06 00:00:00,Centro Comercial Delta,Valencia,Comercial,17400,9.6,81.6,0.0,112,0,Apagado,55.35,0.0,Valle,5.08
1420,2025-11-09 20:00:00,Centro Comercial Delta,Valencia,Comercial,17400,17.0,87.0,0.0,1506,0,Apagado,298.37,0.0,Valle,32.02
241,2025-08-29 00:00:00,Torre Atlantida,Madrid,Oficinas,12500,15.9,54.6,0.0,52,0,Apagado,27.29,0.0,Valle,2.87
1961,2025-05-01 00:00:00,Residencial Mirador,Barcelona,Residencial,9800,12.0,76.4,0.0,316,1,Calefaccion,106.27,0.0,Valle,9.31
908,2025-06-18 20:00:00,Hospital Sur,Sevilla,Sanitario,21000,28.6,60.2,104.2,400,1,Refrigeracion,287.23,20.1,Punta,61.01
295,2025-10-20 14:00:00,Torre Atlantida,Madrid,Oficinas,12500,22.6,,569.8,533,0,Apagado,103.19,86.92,Llano,2.81
2034,2025-07-12 08:00:00,Residencial Mirador,Barcelona,Residencial,9800,21.7,70.4,388.9,129,0,Apagado,25.81,0.0,Valle,2.59
971,2025-08-21 14:00:00,Hospital Sur,Sevilla,Sanitario,21000,34.4,52.2,618.0,395,1,Refrigeracion,227.14,118.41,Llano,18.14
667,2025-10-24 14:00:00,Campus Norte,Bilbao,Educativo,8600,16.3,77.4,518.4,753,0,Apagado,77.65,40.96,Llano,6.36
1706,2025-08-21 08:00:00,Planta Logistica R2,Zaragoza,Industrial,26000,24.8,62.7,341.8,161,Si,Refrigeracion,157.17,85.63,Llano,11.76
401,2025-02-02 00:00:00,Campus Norte,Bilbao,Educativo,8600,3.5,99.0,0.0,26,0,Apagado,14.17,0.0,Valle,1.34
706,2025-12-03 08:00:00,Campus Norte,Bilbao,Educativo,8600,8.7,94.5,0.0,847,1,Calefaccion,134.92,0.0,Llano,22.65
1580,2025-04-15 20:00:00,Planta Logistica R2,Zaragoza,Industrial,26000,15.2,81.8,0.0,171,TRUE,Ventilacion,246.01,0.0,Punta,53.63
617,2025-09-06 00:00:00,Campus Norte,Bilbao,Educativo,8600,14.1,93.9,0.0,0,0,Apagado,12.21,0.0,Valle,1.29
616,2025-09-02 20:00:00,Campus Norte,Bilbao,Educativo,8600,19.5,75.5,0.0,67,0,Apagado,21.33,0.0,Punta,5.67
370,2025-01-01 08:00:00,Campus Norte,Bilbao,Educativo,8600,6.3,94.9,0.0,84,0,Apagado,16.05,0.0,Valle,1.63
680,2025-11-05 20:00:00,Campus Norte,Bilbao,Educativo,8600,13.8,96.2,0.0,93,1,Calefaccion,23.61,0.0,Punta,6.24
782,2025-02-14 08:00:00,Hospital Sur,Sevilla,Sanitario,21000,7.7,69.3,30.0,413,1,Calefaccion,284.71,5.66,Llano,41.05
1878,2025-02-06 08:00:00,Residencial Mirador,BARCELONA,Residencial,9800,11.0,84.2,72.6,74,1,Calefaccion,35.72,0.0,Llano,5.12
1048,2025-11-05 20:00:00,Hospital Sur,Sevilla,Sanitario,21000,17.9,75.2,0.0,388,0,Apagado,280.98,0.0,Punta,77.1
1631,2025-06-06 14:00:00,Planta Logistica R2,Zaragoza,Industrial,26000,25.4,39.9,879.7,159,Si,Refrigeracion,163.04,226.54,Llano,-3.58
200,2025-07-16 20:00:00,Torre Atlantida,Madrid,Oficinas,12500,25.8,61.6,68.9,70,1,Refrigeracion,44.63,11.19,Punta,7.89
1147,2025-02-10 14:00:00,Centro Comercial Delta,Valencia,Comercial,17400,14.0,93.2,265.3,1344,1,Calefaccion,209.2,33.65,Llano,26.26
468,2025-04-07 20:00:00,Campus Norte,Bilbao,Educativo,8600,13.5,,0.0,107,1,Calefaccion,25.45,0.0,Punta,5.54
656,2025-10-12 20:00:00,Campus Norte,Bilbao,Educativo,8600,14.3,98.2,0.0,9,0,Apagado,13.55,0.0,Valle,1.42
1197,2025-04-03 00:00:00,Centro Comercial Delta,Valencia,Comercial,17400,14.0,80.7,0.0,23,0,Apagado,49.29,0.0,Valle,4.2
178,2025-06-26 08:00:00,Torre Atlantida,Madrid,Oficinas,12500,23.0,50.3,,370,0,Apagado,69.01,65.13,Llano,0.57
1545,2025-03-14 00:00:00,Planta Logistica R2,Zaragoza,Industrial,26000,6.8,69.9,0.0,38,1,Calefaccion,132.12,0.0,Valle,12.08
1615,2025-05-21 14:00:00,Planta Logistica R2,Zaragoza,Industrial,26000,28.4,68.9,593.0,171,1,Refrigeracion,166.15,163.57,Llano,0.35
404,2025-02-02 20:00:00,Campus Norte,Bilbao,Educativo,8600,8.5,99.0,0.0,0,No,Apagado,11.93,0.0,Valle,1.13
226,2025-08-13 08:00:00,Torre Atlantida,Madrid,Oficinas,12500,24.9,48.6,399.9,350,1,Refrigeracion,71.69,61.99,Llano,1.64
535,2025-06-14 14:00:00,Campus Norte,Bilbao,Educativo,8600,24.0,70.2,755.7,35,0,Apagado,10.56,52.46,Valle,-1.54
784,2025-02-14 20:00:00,Hospital Sur,Sevilla,Sanitario,21000,11.5,74.5,0.0,420,1,Calefaccion,299.13,0.0,Punta,68.44
2183,2025-12-07 14:00:00,Residencial Mirador,Barcelona,Residencial,9800,15.1,96.4,471.3,127,1,Ventilacion,28.8,0.0,Valle,3.09
794,2025-02-26 08:00:00,Hospital Sur,Sevilla,Sanitario,21000,4.8,91.3,55.1,433,1, CALEFACCION,318.94,10.88,Llano,43.84
85,2025-03-26 00:00:00,Torre Atlantida,Madrid,Oficinas,12500,6.5,79.1,0.0,0,0,Apagado,23.24,0.0,Valle,2.02
2147,2025-11-01 14:00:00,Residencial Mirador,Barcelona,Residencial,9800,22.5,85.6,233.3,101,0,Apagado,25.62,0.0,Valle,2.78
1074,2025-12-03 08:00:00,Hospital Sur,Sevilla,Sanitario,21000,9.0,85.8,0.0,399,1,Calefaccion,295.9,0.0,Llano,50.42
818,2025-03-22 08:00:00,Hospital Sur,Sevilla,Sanitario,21000,13.8,73.6,111.9,,1,Calefaccion,279.6,23.15,Valle,22.0
2093,2025-09-10 00:00:00,Residencial Mirador,Barcelona ,Residencial,9800,14.4,82.6,0.0,265,1,Calefaccion,95.36,0.0,Valle,10.22
1017,2025-10-08 00:00:00,Hospital Sur,Sevilla,Sanitario,21000,15.5,57.3,0.0,206,1,Ventilacion,177.56,0.0,Valle,19.73
978,2025-08-29 08:00:00,Hospital Sur,Sevilla,Sanitario,21000,27.2,46.2,336.6,426,1,Refrigeracion,218.16,67.29,Llano,24.85
1859,2025-01-17 14:00:00,Residencial Mirador,Barcelona,Residencial,9800,12.4,97.4,269.9,,1,Calefaccion,21.19,0.0,Llano,3.32
814,2025-03-18 08:00:00,Hospital Sur,Sevilla,Sanitario,21000,11.8,63.2,180.1,423,1,Calefaccion,208.22,36.35,Llano,24.11
214,2025-08-01 08:00:00,Torre Atlantida,Madrid,Oficinas,12500,28.1,42.1,410.1,391,1,Refrigeracion,78.05,63.65,Llano,2.26
1032,2025-10-20 20:00:00,Hospital Sur,Sevilla,Sanitario,21000,18.3,67.7,0.0,398,0,Apagado,285.07,0.0,Punta,75.32
2197,2025-12-23 00:00:00,Residencial Mirador,Barcelona,Residencial,9800,7.4,99.0,0.0,326,si,Calefaccion,95.83,0.0,Valle,10.06
2061,2025-08-09 00:00:00,Residencial Mirador,Barcelona,Residencial,9800,20.1,71.6,0.0,280,0,Apagado,94.38,0.0,Valle,9.84
560,2025-07-08 20:00:00,Campus Norte, Bilbao ,Educativo,8600,23.4,57.7,86.8,10,0,Apagado,12.42,6.6,Punta,1.42
1371,2025-09-22 14:00:00,Centro Comercial Delta,Valencia,Comercial,17400,23.5,74.2,735.0,1248,1,Ventilacion,2295.19,96.67,Llano,19.87
697,2025-11-25 00:00:00,Campus Norte,Bilbao,Educativo,8600,7.5,99.0,0.0,73,1,Calefaccion,25.34,0.0,Valle,2.66
1271,2025-06-14 14:00:00,Centro Comercial Delta,Valencia,Comercial,17400,28.6,54.7,904.0,1580,1,Refrigeracion,259.37,119.5,Valle,12.85
1793,2025-11-17 00:00:00,Planta Logistica R2,Zaragoza,Industrial,26000,7.4,75.7,0.0,53,1,Calefaccion,127.02,0.0,Valle,13.98
237,2025-08-25 00:00:00,Torre Atlantida,Madrid,Oficinas,12500,,49.8,0.0,20,0,Apagado,24.69,0.0,Valle,2.57
2192,2025-12-15 20:00:00,Residencial Mirador,Barcelona,Residencial,9800,13.0,82.1,0.0,294,1,Calefaccion,95.22,0.0,Punta,25.28
1487,2025-01-13 14:00:00,Planta Logistica R2,Zaragoza,Industrial,26000,11.3,91.8,219.0,175,1,Calefaccion,154.8,61.83,Llano,15.2
1325,2025-08-09 00:00:00,Centro Comercial Delta,Valencia,Comercial,17400,24.4,72.2,0.0,119,1,Refrigeracion,60.77,0.0,Valle,6.16
2038,2025-07-16 08:00:00,Residencial Mirador,Barcelona,Residencial,9800,24.0,65.2,412.0,58,1,Ventilacion,17.65,0.0,Llano,2.76
1192,2025-03-26 20:00:00,Centro Comercial Delta,Valencia,Comercial,17400,16.4,87.2,0.0,1261,0,Apagado,279.4,0.0,Punta,58.76
2119,2025-10-04 14:00:00,Residencial Mirador,Barcelona,Residencial,9800,21.1,63.0,769.4,151,0,Apagado,28.28,0.0,Valle,3.0
579,2025-07-28 14:00:00,Campus Norte,Bilbao,Educativo,8600,25.0,68.5,709.2,41,0,Apagado,10.0,58.19,Llano,-3.13
1133,2025-01-29 00:00:00,Centro Comercial Delta,Valencia,Comercial,17400,6.4,79.2,0.0,54,0,Apagado,48.87,0.0,Valle,4.71
819,2025-03-22 14:00:00,Hospital Sur,Sevilla,Sanitario,21000,22.8,52.8,641.7,385,FALSE,Apagado,208.1,134.68,Valle,6.07
2010,2025-06-18 08:00:00,Residencial Mirador,Barcelona,Residencial,9800,20.7,70.4,386.1,76,0,Apagado,19.36,0.0,Llano,2.78
830,2025-04-03 08:00:00,Hospital Sur,Sevilla,Sanitario,21000,14.1,51.4,184.0,406,1,Calefaccion,198.37,39.19,Llano,22.08
1702,2025-08-17 08:00:00,Planta Logistica R2,Zaragoza,Industrial,26000,20.7,66.8,347.2,66,No,Apagado,83.3,93.74,Valle,-0.43
368,2025-12-31 20:00:00,Torre Atlantida,Madrid,Oficinas,12500,7.6,73.3,0.0,85,si,Calefaccion,40.69,0.0,Punta,10.14
1423,2025-11-13 14:00:00,Centro Comercial Delta,Valencia,Comercial,17400,20.1,83.2,443.0,,0,Apagado,208.42,57.86,Llano,25.91
300,2025-10-24 20:00:00,Torre Atlantida,Madrid,Oficinas,12500,15.9,62.0,0.0,106,1, VENTILACION,41.77,0.0,Punta,11.33
1313,2025-07-28 00:00:00,Centro Comercial Delta,Valencia,Comercial,17400,24.9,72.8,0.0,16,0,Apagado,47.23,0.0,Valle,4.71
1073,2025-12-03 00:00:00,Hospital Sur, Sevilla ,Sanitario,21000,5.0,68.8,0.0,226,1,Calefaccion,188.24,0.0,Valle,20.39
537,2025-06-18 00:00:00,Campus Norte,Bilbao,Educativo,8600,16.7,79.8,0.0,60,0,Apagado,21.05,0.0,Valle,1.95
148,2025-05-25 20:00:00,Torre Atlantida,Madrid,Oficinas,12500,22.9,47.6,36.0,0,0,Apagado,22.62,5.33,Valle,1.52
1421,2025-11-13 00:00:00,Centro Comercial Delta,Valencia,Comercial,17400,12.5,86.2,0.0,2,0,Apagado,44.58,0.0,Valle,4.81
743,2025-01-05 14:00:00,Hospital Sur,Sevilla,Sanitario,21000,13.7,83.3,397.7,425,1,Calefaccion,210.66,85.66,Valle,12.45
1755,2025-10-08 14:00:00,Planta Logistica R2,Zaragoza,Industrial,26000,24.0,57.7,562.8,149,1,Ventilacion,149.73,135.18,Llano,2.52
379,2025-01-09 14:00:00,Campus Norte,Bilbao,Educativo,8600,12.1,99.0,180.9,747,1,Calefaccion,82.62,12.61,Llano,11.15
651,2025-10-08 14:00:00,Campus Norte,Bilbao,Educativo,8600,20.4,76.5,591.8,780,0,Apagado,82.25,44.01,Llano,6.96
194,2025-07-12 08:00:00,Torre Atlantida,Madrid,Oficinas,12500,24.1,50.0,436.4,9,0,Apagado,,67.9,Valle,-2.0
939,2025-07-20 14:00:00,Hospital Sur,Sevilla,Sanitario,21000,34.8,41.7,905.3,384,1,Refrigeracion,214.31,177.14,Valle,3.67
1687,2025-08-01 14:00:00,Planta Logistica R2,Zaragoza,Industrial,26000,30.7,49.4,731.9,182,1,Refrigeracion,177.34,205.83,Llano,-1.86
543,2025-06-22 14:00:00,Campus Norte,Bilbao,Educativo,8600,23.5,72.4,723.4,0,0,Apagado,8.07,51.43,Valle,-1.59
649,2025-10-08 00:00:00,Campus Norte,Bilbao,Educativo,8600,14.5,87.0,0.0,80,1,Ventilacion,23.16,0.0,Valle,2.48
769,2025-02-02 00:00:00,Hospital Sur,Sevilla,Sanitario,21000,8.4,76.5,0.0,181,1,Calefaccion,194.44,0.0,Valle,18.34
905,2025-06-18 00:00:00,Hospital Sur,sevilla,Sanitario,21000,24.1,52.3,0.0,221,1,Refrigeracion,183.14,0.0,Valle,17.03
1634,2025-06-10 08:00:00,Planta Logistica R2,Zaragoza,Industrial,26000,20.2,62.6,392.8,160,0,Apagado,151.52,103.04,Llano,6.8
1328,2025-08-09 20:00:00,Centro Comercial Delta,Valencia,Comercial,17400,24.7,67.6,0.0,1501,1,Refrigeracion,329.17,0.0,Valle,32.82
2137,2025-10-24 00:00:00,Residencial Mirador,Barcelona,Residencial,9800,12.9,79.3,0.0,320,1,Calefaccion,100.51,0.0,Valle,10.73
440,2025-03-10 20:00:00,Campus Norte,Bilbao,Educativo,8600,9.2,85.7,0.0,48,1,Calefaccion,23.17,0.0,Punta,5.1
1102,2025-12-31 08:00:00,Hospital Sur,Sevilla,Sanitario,21000,9.3,73.8,0.0,425,1,Calefaccion,300.71,0.0,Llano,48.08
493,2025-05-05 00:00:00,Campus Norte,Bilbao,Educativo,8600,15.5,85.9,0.0,67,1,Ventilacion,21.06,0.0,Valle,1.83
332,2025-11-25 20:00:00,Torre Atlantida,Madrid,Oficinas,12500,10.4,71.7,0.0,94,1,Calefaccion,46.79,0.0,Punta,11.92
1408,2025-10-28 20:00:00,Centro Comercial Delta,Valencia,Comercial,17400,18.5,107.9,0.0,1329,0,Apagado,259.71,0.0,Punta,67.37
1707,2025-08-21 14:00:00,Planta Logistica R2,Zaragoza,Industrial,26000,28.3,50.8,774.0,158,1,Refrigeracion,167.21,203.46,Llano,-2.46
1115,2025-01-09 14:00:00,Centro Comercial Delta,Valencia,Comercial,17400,18.4,77.7,327.3,1277,FALSE,Apagado,197.4,42.48,Llano,24.48
586,2025-08-05 08:00:00,Campus Norte,Bilbao,Educativo,8600,18.9,88.9,284.2,19,0,Apagado,9.19,21.16,Llano,-0.78
718,2025-12-15 08:00:00,Campus Norte,Bilbao,Educativo,8600,7.0,99.0,,818,1,Calefaccion,127.31,0.0,Llano,21.68
1620,2025-05-25 20:00:00,Planta Logistica R2,Zaragoza,Industrial,26000,19.8,51.6,54.0,63,0,Apagado,137.2,16.12,Valle,11.09
1502,2025-01-29 08:00:00,Planta Logistica R2,Zaragoza,Industrial,26000,6.0,83.8,0.0,164,1,Calefaccion,262.76,0.0,Llano,40.94
1354,2025-09-06 08:00:00,Centro Comercial Delta, Valencia ,Comercial,17400,-999.0,,231.7,18,0,Apagado,37.98,25.76,Valle,1.34
1350,2025-09-02 08:00:00,Centro Comercial Delta,Valencia,Comercial,17400,22.8,66.4,304.0,26,0,Apagado,35.23,35.29,Llano,-0.0
1165,2025-03-02 00:00:00,Centro Comercial Delta,Valencia,Comercial,17400,12.5,65.1,0.0,143,1,Calefaccion,60.95,0.0,Valle,5.44
1254,2025-05-29 08:00:00,Centro Comercial Delta,Valencia,Comercial,17400,19.2,65.8,400.2,22,0,Apagado,34.34,46.84,Llano,-0.72
1587,2025-04-23 14:00:00,Planta Logistica R2,Zaragoza,Industrial,26000,20.1,52.4,658.0,166,0,Apagado,153.86,172.28,Llano,-1.03
1127,2025-01-21 14:00:00,Centro Comercial Delta,valencia,Comercial,17400,15.3,83.4,318.3,1222,1,Ventilacion,201.21,41.78,Llano,25.0
466,2025-04-07 08:00:00,Campus Norte,Bilbao,Educativo,8600,12.9,88.5,166.1,786,1,Calefaccion,83.19,12.72,Llano,10.01
2075,2025-08-21 14:00:00,Residencial Mirador,Barcelona,Residencial,9800,24.6,61.1,755.6,36,1,Refrigeracion,19.33,0.0,Llano,3.24
613,2025-09-02 00:00:00,Campus Norte,Bilbao,Educativo,8600,,84.9,0.0,41,Si,Calefaccion,21.87,0.0,Valle,2.35
163,2025-06-10 14:00:00,Torre Atlantida,Madrid,Oficinas,12500,31.5,46.9,577.0,588,1,Refrigeracion,119.7,82.07,Llano,5.6
1138,2025-02-02 08:00:00,Centro Comercial Delta,Valencia,Comercial,17400,11.6,75.3,0.0,108,1,Calefaccion,56.09,0.0,Valle,5.18
1435,2025-11-25 14:00:00,Centro Comercial Delta,Valencia,Comercial,17400,17.5,69.5,389.4,1403,0,Apagado,196.1,46.03,Llano,25.5
720,2025-12-15 20:00:00,Campus Norte,Bilbao,Educativo,8600,13.1,89.4,0.0,121,1,Calefaccion,26.55,0.0,Punta,6.95
904,2025-06-14 20:00:00,Hospital Sur,Sevilla,Sanitario,21000,28.9,43.9,79.4,420,1,Refrigeracion,309.48,16.61,Valle,27.32
1208,2025-04-11 20:00:00,Centro Comercial Delta,Valencia,Comercial,17400,20.0,120.4,0.0,1183,0,Apagado,274.48,0.0,Punta,56.68
2048,2025-07-24 20:00:00,Residencial Mirador,Barcelona,Residencial,9800,26.8,54.0,46.6,316,1,Refrigeracion,103.08,0.0,Punta,25.09
1977,2025-05-17 00:00:00,Residencial Mirador,Barcelona,Residencial,9800,19.5,74.8,0.0,275,0,Apagado,91.85,0.0,Valle,7.93
1772,2025-10-24 20:00:00,Planta Logistica R2, Zaragoza,Industrial,26000,12.0,61.5,0.0,151,1,Calefaccion,232.2,0.0,Punta,61.23
804,2025-03-06 20:00:00,Hospital Sur,Sevilla,Sanitario,21000,13.4,59.1,0.0,432,1,Calefaccion,282.99,0.0,Punta,61.95
431,2025-03-02 14:00:00,Campus Norte,Bilbao,Educativo,8600,13.7,85.0,345.0,0,FALSE,Apagado,8.2,27.35,Valle,-0.67
1521,2025-02-18 00:00:00,Planta Logistica R2,Zaragoza,Industrial,26000,3.1,80.8,0.0,60,1,Calefaccion,132.47,0.0,Valle,11.9
1412,2025-11-01 20:00:00,Centro Comercial Delta,Valencia,Comercial,17400,16.6,85.0,0.0,1620,0,Apagado,,0.0,Valle,37.03
284,2025-10-08 20:00:00,Torre Atlantida,Madrid,Oficinas,12500,16.7,49.6,0.0,,0,Apagado,,0.0,Punta,10.44
6,2025-01-05 08:00:00,Torre Atlantida,Madrid,Oficinas,12500,1.4,61.2,0.0,10,0,Apagado,22.55,0.0,Valle,2.22
326,2025-11-21 08:00:00,Torre Atlantida,Madrid,Oficinas,12500,11.2,70.1,0.0,364,1,Calefaccion,116.57,0.0,Llano,
612,2025-08-29 20:00:00,Campus Norte,Bilbao,Educativo,8600,19.0,80.0,0.0,7,0,Apagado,11.81,0.0,Punta,3.09
2019,2025-06-26 14:00:00,Residencial Mirador,Barcelona,Residencial,9800,27.1,58.1,806.1,46,1,Refrigeracion,22.24,0.0,Llano,3.33
676,2025-11-01 20:00:00,Campus Norte,Bilbao,Educativo,8600,16.6,,0.0,0,FALSE,Apagado,12.67,0.0,Valle,1.4
103,2025-04-11 14:00:00,Torre Atlantida,Madrid,Oficinas,12500,19.8,58.8,611.9,559,0,Apagado,93.67,92.35,Llano,0.18
1280,2025-06-22 20:00:00,Centro Comercial Delta,Valencia,Comercial,17400,25.9,64.4,66.1,1440,1,Refrigeracion,297.85,8.61,Valle,26.38
1786,2025-11-09 08:00:00,Planta Logistica R2,Zaragoza,Industrial,26000,10.7,76.7,0.0,68,1,Calefaccion,141.3,0.0,Valle,16.36
843,2025-04-15 14:00:00,Hospital Sur,Sevilla,Sanitario,21000,25.1,47.4,695.0,413,Si,Refrigeracion,197.13,144.06,Llano,7.24
71,2025-03-10 14:00:00,Torre Atlantida, Madrid ,Oficinas,12500,15.4,65.9,558.2,593,1,Ventilacion,112.56,82.73,Llano,4.22
467,2025-04-07 14:00:00,Campus Norte,Bilbao,Educativo,8600,17.3,95.9,,827,no,Apagado,85.86,26.44,Llano,8.35
47,2025-02-14 14:00:00,Torre Atlantida,Madrid,Oficinas,12500,12.4,57.3,465.3,596,1,Calefaccion,116.01,76.62,Llano,5.95
1164,2025-02-26 20:00:00,Centro Comercial Delta,Valencia,Comercial,17400,12.3,85.3,0.0,1382,1,Calefaccion,292.14,0.0,Punta,66.05
398,2025-01-29 08:00:00,Campus Norte,Bilbao,Educativo,8600,9.7,92.5,0.0,753,1,Calefaccion,116.54,0.0,Llano,18.16
826,2025-03-30 08:00:00,Hospital Sur,Sevilla,Sanitario,21000,15.0,59.0,211.7,391,1,Ventilacion,203.69,44.68,Valle,13.64
1075,2025-12-03 14:00:00,Hospital Sur,Sevilla,Sanitario,21000,17.3,58.8,431.0,451,0,Apagado,195.29,87.12,Llano,18.21
884,2025-05-25 20:00:00,Hospital Sur,Sevilla,Sanitario,21000,27.1,56.1,21.0,400,1,Refrigeracion,325.53,4.17,Valle,27.93
785,2025-02-18 00:00:00,Hospital Sur,Sevilla,Sanitario,21000,7.3,77.2,0.0,208,1,Calefaccion,198.03,0.0,Valle,18.4
1739,2025-09-22 14:00:00,Planta Logistica R2,zaragoza,Industrial,26000,27.0,53.6,597.3,187,1,Refrigeracion,161.32,147.71,Llano,
702,2025-11-29 08:00:00,Campus Norte,Bilbao,Educativo,8600,12.9,95.1,0.0,0,0,Apagado,11.45,0.0,Valle,1.21
2185,2025-12-11 00:00:00,Residencial Mirador,Barcelona,Residencial,9800,8.3,86.2,0.0,279,1,Calefaccion,98.97,0.0,Valle,10.38
1176,2025-03-10 20:00:00,Centro Comercial Delta,Valencia,Comercial,17400,17.2,,0.0,1348,0,Apagado,268.48,0.0,Punta,58.07
925,2025-07-08 00:00:00,Hospital Sur,Sevilla,Sanitario,21000,21.0,44.1,0.0,243,0,Apagado,178.95,0.0,Valle,17.41
1823,2025-12-15 14:00:00,Planta Logistica R2,Zaragoza,Industrial,26000,13.6,77.4,396.5,170,1,Calefaccion,165.64,111.19,Llano,9.06
817,2025-03-22 00:00:00,Hospital Sur,Sevilla,Sanitario,21000,11.7,59.2,0.0,178,1,Calefaccion,180.64,0.0,Valle,15.72
518,2025-05-29 08:00:00,Campus Norte,Bilbao,Educativo,8600,16.5,86.3,265.7,815,0,Apagado,79.78,18.81,Llano,8.47
1741,2025-09-26 00:00:00,Planta Logistica R2,Zaragoza,Industrial,26000,13.4,71.9,0.0,56,1,Calefaccion,106.08,0.0,Valle,11.29
1698,2025-08-13 08:00:00,Planta Logistica R2,Zaragoza,Industrial,26000,22.3,46.8,343.6,177,0,Apagado,154.39,91.36,Llano,10.19
1302,2025-07-16 08:00:00,Centro Comercial Delta,Valencia,Comercial,17400,26.0,61.3,456.9,76,0,Apagado,35.68,61.85,Llano,-1.65
1563,2025-03-30 14:00:00,Planta Logistica R2,Zaragoza,Industrial,26000,18.3,59.0,603.0,55,0,Apagado,76.07,151.29,Valle,-2.65
1312,2025-07-24 20:00:00,Centro Comercial Delta,Valencia,Comercial,17400,25.3,,14.8,1319,1,Refrigeracion,286.08,1.85,Punta,71.57
73,2025-03-14 00:00:00,Torre Atlantida,Madrid,Oficinas,12500,5.4,75.1,0.0,60,no,Apagado,27.32,0.0,Valle,2.45
1019,2025-10-08 14:00:00,Hospital Sur,Sevilla,Sanitario,21000,24.4,55.0,675.5,379,1,Refrigeracion,198.71,144.54,Llano,9.73
475,2025-04-15 14:00:00,Campus Norte,Bilbao,Educativo,8600,17.6,76.4,469.4,819,0,Apagado,77.46,35.32,Llano,5.96
1100,2025-12-27 20:00:00,Hospital Sur,Sevilla,Sanitario,21000,13.2,67.4,,420,1,Calefaccion,311.42,0.0,Valle,31.48
1801,2025-11-25 00:00:00,Planta Logistica R2,Zaragoza,Industrial,26000,4.5,73.9,0.0,30,1,Calefaccion,117.61,0.0,Valle,12.87
359,2025-12-23 14:00:00,Torre Atlantida,MADRID,Oficinas,12500,11.6,66.8,431.0,622,1,Calefaccion,115.17,66.49,Llano,8.06
1415,2025-11-05 14:00:00,Centro Comercial Delta,Valencia,Comercial,17400,21.2,64.0,463.7,1348,0,Apagado,190.34,65.18,Llano,21.97
989,2025-09-10 00:00:00,Hospital Sur,Sevilla,Sanitario,21000,20.4,64.8,0.0,249,0,Apagado,181.1,0.0,Valle,19.49
1492,2025-01-17 20:00:00,Planta Logistica R2,Zaragoza,Industrial,26000,6.7,68.6,0.0,166,1,Calefaccion,264.93,0.0,Punta,64.48
2174,2025-11-29 08:00:00,Residencial Mirador,Barcelona,Residencial,9800,10.7,94.1,0.0,113,1, CALEFACCION,50.92,0.0,Valle,5.54
1579,2025-04-15 14:00:00,Planta Logistica R2,Zaragoza,Industrial,26000,21.8,50.7,608.0,165,0,Apagado,,152.03,Llano,-0.05
1606,2025-05-13 08:00:00,Planta Logistica R2,Zaragoza,Industrial,26000,19.0,87.7,226.5,164,0,Apagado,166.27,59.06,Llano,14.62
1573,2025-04-11 00:00:00,Planta Logistica R2,Zaragoza,Industrial,26000,11.1,71.5,0.0,76,1,Calefaccion,114.66,0.0,Valle,9.84
1568,2025-04-03 20:00:00,Planta Logistica R2,Zaragoza,Industrial,26000,17.0,68.3,0.0,158,0,Apagado,250.88,0.0,Punta,
189,2025-07-08 00:00:00,Torre Atlantida,Madrid,Oficinas,12500,21.4,54.6,0.0,3,0,Apagado,24.21,0.0,Valle,2.4
1260,2025-06-02 20:00:00,Centro Comercial Delta,Valencia,Comercial,17400,27.6,57.3,73.4,1352,1,Refrigeracion,284.97,9.39,Punta,59.39
2163,2025-11-17 14:00:00,Residencial Mirador,Barcelona,Residencial,9800,14.1,77.2,452.3,64,1,Calefaccion,21.53,0.0,Llano,3.87
2011,2025-06-18 14:00:00,Residencial Mirador,Barcelona,Residencial,9800,25.9,,862.6,83,1,Refrigeracion,184.48,0.0,Llano,3.6
344,2025-12-07 20:00:00,Torre Atlantida,Madrid,Oficinas,12500,7.0,61.0,0.0,16,0,Apagado,23.37,0.0,Valle,2.52
8,2025-01-05 20:00:00,Torre Atlantida,Madrid,Oficinas,12500,3.9,72.8,0.0,0,0,Apagado,25.26,0.0,Valle,2.53
760,2025-01-21 20:00:00,Hospital Sur,Sevilla,Sanitario,21000,10.8,82.3,0.0,413,1,Calefaccion,274.5,0.0,Punta,64.4
2152,2025-11-05 20:00:00,Residencial Mirador, Barcelona ,Residencial,9800,16.4,76.5,0.0,303,0,Apagado,99.79,0.0,Punta,26.97
2153,2025-11-09 00:00:00,Residencial Mirador,Barcelona,Residencial,9800,11.4,90.0,0.0,298,1,Calefaccion,94.33,0.0,Valle,10.37
216,2025-08-01 20:00:00,Torre Atlantida,Madrid,Oficinas,12500,28.0,56.5,34.2,95,1,Refrigeracion,51.39,5.12,Punta,11.55
110,2025-04-19 08:00:00,Torre Atlantida,Madrid,Oficinas,12500,16.7,42.7,276.2,4,0,Apagado,16.42,41.13,Valle,-0.82
1244,2025-05-17 20:00:00,Centro Comercial Delta,Valencia,Comercial,17400,23.9,70.1,13.8,1603,1,Ventilacion,306.79,1.73,Valle,27.55
1330,2025-08-13 08:00:00,Centro Comercial Delta,Valencia,Comercial,17400,24.3,,383.5,95,0,Apagado,40.54,48.89,Llano,-0.55
2005,2025-06-14 00:00:00,Residencial Mirador,Barcelona ,Residencial,9800,19.2,67.0,0.0,333,0,Apagado,97.35,0.0,Valle,8.74
1326,2025-08-09 08:00:00,Centro Comercial Delta,Valencia,Comercial,17400,24.9,55.9,406.7,94,1,Refrigeracion,,50.2,Valle,-0.09
1358,2025-09-10 08:00:00,Centro Comercial Delta,Valencia,Comercial,17400,20.2,71.6,250.2,102,0,Apagado,40.15,32.38,Llano,1.33
2041,2025-07-20 00:00:00,Residencial Mirador,Barcelona,Residencial,9800,18.6,74.0,0.0,299,0,Apagado,96.02,0.0,Valle,9.66
1052,2025-11-09 20:00:00,Hospital Sur,Sevilla,Sanitario,21000,15.0,66.0,0.0,378,1, VENTILACION,277.32,0.0,Valle,29.37
231,2025-08-17 14:00:00,Torre Atlantida,Madrid,Oficinas,12500,27.3,44.6,906.6,23,0,Apagado,18.17,137.7,Valle,-4.89
607,2025-08-25 14:00:00,Campus Norte,Bilbao,Educativo,8600,22.4,78.7,566.2,0,0,Apagado,8.05,46.96,Llano,-2.62
507,2025-05-17 14:00:00,Campus Norte,Bilbao,Educativo,8600,24.1,69.6,635.8,0,No,Apagado,7.61,42.7,Valle,-1.2
416,2025-02-14 20:00:00,Campus Norte,Bilbao,Educativo,8600,7.6,95.5,0.0,102,1,Calefaccion,28.65,0.0,Punta,6.32
2132,2025-10-16 20:00:00,Residencial Mirador,Barcelona,Residencial,9800,16.0,92.7,0.0,314,No,Apagado,97.99,0.0,Punta,26.24
2056,2025-08-01 20:00:00,Residencial Mirador,Barcelona,Residencial,9800,25.6,68.5,0.0,285,1,Refrigeracion,97.08,0.0,Punta,24.29
809,2025-03-14 00:00:00,Hospital Sur,Sevilla,Sanitario,21000,,70.6,0.0,199,si,Calefaccion,187.99,0.0,Valle,16.49
1642,2025-06-18 08:00:00,Planta Logistica R2,Zaragoza,Industrial,26000,23.2,59.9,480.7,176,1,Ventilacion,152.95,122.27,Llano,4.57
882,2025-05-25 08:00:00,Hospital Sur,Sevilla,Sanitario,21000,24.9,51.8,399.5,417,si,Refrigeracion,224.2,79.44,Valle,12.9
2085,2025-09-02 00:00:00,Residencial Mirador,Barcelona,Residencial,9800,20.0,66.1,0.0,285,0,Apagado,94.35,0.0,Valle,9.83
801,2025-03-06 00:00:00,Hospital Sur,Sevilla,Sanitario,21000,8.9,78.2,0.0,193,1,Calefaccion,176.1,0.0,Valle,15.48
376,2025-01-05 20:00:00,Campus Norte,Bilbao,Educativo,8600,10.0,92.7,0.0,6,0,Apagado,11.66,0.0,Valle,1.18
197,2025-07-16 00:00:00,Torre Atlantida,Madrid,Oficinas,12500,18.4,64.6,0.0,49,0,Apagado,25.66,0.0,Valle,2.49
1607,2025-05-13 14:00:00,Planta Logistica R2,Zaragoza,Industrial,26000,26.6,55.1,503.4,166,1,Refrigeracion,169.34,126.78,Llano,6.09
1952,2025-04-19 20:00:00,Residencial Mirador,Barcelona,Residencial,9800,21.9,78.4,0.0,-19,0,Apagado,93.35,0.0,Valle,8.12
65,2025-03-06 00:00:00,Torre Atlantida,Madrid,Oficinas,12500,7.3,59.3,0.0,0,0,Apagado,22.9,0.0,Valle,
1211,2025-04-15 14:00:00,Centro Comercial Delta,Valencia,Comercial,17400,24.0,63.9,692.9,1346,TRUE,Ventilacion,202.71,82.72,Llano,16.69
1948,2025-04-15 20:00:00,Residencial Mirador,Barcelona,Residencial,9800,13.6,75.9,0.0,276,1,Calefaccion,92.86,0.0,Punta,19.0
2199,2025-12-23 14:00:00,Residencial Mirador,Barcelona,Residencial,9800,15.2,89.4,336.2,,1,Ventilacion,19.04,0.0,Llano,3.04
1713,2025-08-29 00:00:00,Planta Logistica R2,Zaragoza,Industrial,26000,19.8,70.1,0.0,66,0, APAGADO,111.36,0.0,Valle,11.58
848,2025-04-19 20:00:00,Hospital Sur,Sevilla,Sanitario,21000,20.6,66.0,0.0,345,0,Apagado,285.71,0.0,Valle,25.29
380,2025-01-09 20:00:00,Campus Norte,Bilbao,Educativo,8600,6.1,99.0,0.0,58,1,Calefaccion,27.81,0.0,Punta,7.0
1596,2025-05-01 20:00:00,Planta Logistica R2,Zaragoza,Industrial,26000,18.7,58.7,0.0,0,0,Apagado,46.81,0.0,Valle,4.04
972,2025-08-21 20:00:00,Hospital Sur,Sevilla,Sanitario,21000,30.0,57.4,0.0,415,1,Refrigeracion,298.25,0.0,Punta,77.1
1517,2025-02-14 00:00:00,Planta Logistica R2,Zaragoza,Industrial,26000,3.4,88.3,0.0,44,1,Calefaccion,129.8,0.0,Valle,12.11
1327,2025-08-09 14:00:00,Centro Comercial Delta,Valencia,Comercial,17400,27.6,67.0,913.1,1524,TRUE,Refrigeracion,259.9,116.13,Valle,14.69
139,2025-05-17 14:00:00,Torre Atlantida,Madrid,Oficinas,12500,26.4,57.0,742.5,21,0,Apagado,17.57,112.65,Valle,-3.42
2139,2025-10-24 14:00:00,Residencial Mirador,Barcelona,Residencial,9800,23.8,68.6,577.5,93,1,Ventilacion,20.39,0.0,Llano,3.6
358,2025-12-23 08:00:00,Torre Atlantida,Madrid,Oficinas,12500,0.8,81.8,0.0,338,1,Calefaccion,111.21,0.0,Llano,17.84
484,2025-04-23 20:00:00,Campus Norte,Bilbao,Educativo,8600,17.0,70.7,0.0,54,0,Apagado,21.74,0.0,Punta,4.59
1231,2025-05-05 14:00:00,Centro Comercial Delta,Valencia,Comercial,17400,24.9,72.1,826.2,1271,1,Refrigeracion,203.0,100.97,Llano,14.64
236,2025-08-21 20:00:00,Torre Atlantida,Madrid,Oficinas,12500,25.2,45.0,0.0,78,1,Refrigeracion,39.69,0.0,Punta,10.18
1712,2025-08-25 20:00:00,Planta Logistica R2,Zaragoza,Industrial,26000,24.1,57.7,0.0,158,1,Refrigeracion,256.59,0.0,Punta,67.97
2204,2025-12-27 20:00:00,Residencial Mirador,Barcelona,Residencial,9800,13.2,80.0,0.0,315,1,Calefaccion,99.73,0.0,Valle,10.41
787,2025-02-18 14:00:00,Hospital Sur,Sevilla,Sanitario,21000,17.6,77.9,386.0,414,0,Apagado,194.88,77.19,Llano,17.45
1841,2025-01-01 00:00:00,Residencial Mirador,Barcelona,Residencial,9800,8.0,92.2,0.0,293,1,Calefaccion,103.37,0.0,Valle,10.67
1733,2025-09-18 00:00:00,Planta Logistica R2,Zaragoza,Industrial,26000,18.1,63.7,0.0,54,no,Apagado,106.96,0.0,Valle,11.78
1565,2025-04-03 00:00:00,Planta Logistica R2,Zaragoza,Industrial,26000,9.1,70.6,0.0,64,1,Calefaccion,118.17,0.0,Valle,10.39
1429,2025-11-21 00:00:00,Centro Comercial Delta,Valencia,Comercial,17400,8.1,81.4,0.0,91,0,Apagado,53.8,0.0,Valle,5.85
704,2025-11-29 20:00:00,Campus Norte,Bilbao,Educativo,8600,10.7,98.9,0.0,0,0, APAGADO,11.95,0.0,Valle,1.26
1125,2025-01-21 00:00:00,Centro Comercial Delta,Valencia,Comercial,17400,7.9,87.6,0.0,19,0,Apagado,50.1,0.0,Valle,4.94
591,2025-08-09 14:00:00,Campus Norte,Bilbao,Educativo,8600,25.4,75.1,642.2,0,0,Apagado,7.83,49.53,Valle,-1.69
1724,2025-09-06 20:00:00,Planta Logistica R2,Zaragoza,Industrial,26000,22.1,53.4,0.0,72,0,Apagado,123.51,0.0,Valle,12.82
945,2025-07-28 00:00:00,Hospital Sur,Sevilla,Sanitario,21000,22.8,49.0,0.0,182,0,Apagado,169.81,0.0,Valle,17.2
176,2025-06-22 20:00:00,Torre Atlantida,Madrid,Oficinas,12500,26.8,44.4,92.7,14,0,Apagado,26.1,13.89,Valle,1.13
436,2025-03-06 20:00:00,Campus Norte,Bilbao,Educativo,8600,9.4,99.0,0.0,66,1,Calefaccion,,0.0,Punta,5.82
823,2025-03-26 14:00:00,Hospital Sur,Sevilla,Sanitario,21000,24.2,53.7,617.5,435,1,Refrigeracion,193.62,127.49,Llano,9.42
1782,2025-11-05 08:00:00,Planta Logistica R2,Zaragoza,Industrial,26000,10.7,68.6,28.7,158,1,Calefaccion,241.35,7.51,Llano,39.64
1283,2025-06-26 14:00:00,Centro Comercial Delta,Valencia,Comercial,17400,29.2,67.0,900.5,1429,1,Refrigeracion,234.95,115.06,Llano,17.42
375,2025-01-05 14:00:00,Campus Norte,Bilbao,Educativo,8600,12.0,81.2,353.0,0,0,Apagado,7.8,27.18,Valle,-0.8
1522,2025-02-18 08:00:00,Planta Logistica R2,Zaragoza,Industrial,26000,3.3,75.0,76.8,165,1,Calefaccion,287.81,22.14,Llano,37.99
858,2025-05-01 08:00:00,Hospital Sur,Sevilla,Sanitario,21000,21.5,46.0,347.2,446,No,Apagado,193.12,67.82,Valle,10.68
803,2025-03-06 14:00:00,Hospital Sur,Sevilla,Sanitario,21000,20.5,70.1,424.4,389,0,Apagado,187.7,90.14,Llano,13.64
83,2025-03-22 14:00:00,Torre Atlantida,Madrid,Oficinas,12500,18.7,74.1,454.1,18,0,Apagado,16.72,68.55,Valle,-1.79
1214,2025-04-19 08:00:00,Centro Comercial Delta,Valencia,Comercial,17400,19.2,76.9,247.4,185,0,Apagado,45.84,30.49,Valle,1.33
1086,2025-12-15 08:00:00,Hospital Sur,Sevilla,Sanitario,21000,6.6,76.3,0.0,395,si,Calefaccion,290.97,0.0,Llano,48.62
438,2025-03-10 08:00:00,Campus Norte,Bilbao,Educativo,8600,11.2,98.2,70.4,838,1,Calefaccion,117.39,5.5,Llano,15.91
553,2025-07-04 00:00:00,Campus Norte,Bilbao,Educativo,8600,18.0,69.7,0.0,0,0,Apagado,11.49,0.0,Valle,1.03
2067,2025-08-13 14:00:00,Residencial Mirador,Barcelona,Residencial,9800,26.3,68.4,786.4,42,1,Refrigeracion,22.18,0.0,Llano,3.72
806,2025-03-10 08:00:00,Hospital Sur,Sevilla,Sanitario,21000,11.2,66.0,77.4,396,1,Calefaccion,281.05,15.91,Llano,37.17
1097,2025-12-27 00:00:00,Hospital Sur,Sevilla,Sanitario,21000,2.9,77.9,0.0,,1,Calefaccion,200.5,0.0,Valle,20.21
1760,2025-10-12 20:00:00,Planta Logistica R2,Zaragoza,Industrial,26000,18.3,66.1,0.0,0,0,Apagado,378.04,0.0,Valle,4.97
1461,2025-12-23 00:00:00,Centro Comercial Delta,Valencia,Comercial,17400,9.5,94.9,0.0,58,0,Apagado,49.89,0.0,Valle,4.99
1109,2025-01-05 00:00:00,Centro Comercial Delta,Valencia,Comercial,17400,10.8,81.9,0.0,0,1,Calefaccion,53.76,0.0,Valle,5.52
1252,2025-05-25 20:00:00,Centro Comercial Delta,Valencia,Comercial,17400,24.6,,79.6,1711,1,Refrigeracion,332.42,9.81,Valle,28.91
1734,2025-09-18 08:00:00,Planta Logistica R2,Zaragoza,Industrial,26000,-999.0,60.4,245.0,167,0,Apagado,152.83,64.35,Llano,14.91
2024,2025-06-30 20:00:00,Residencial Mirador,Barcelona,Residencial,9800,23.6,74.4,85.8,,si,Ventilacion,102.78,0.0,Punta,22.68
2113,2025-09-30 00:00:00,Residencial Mirador,Barcelona,Residencial,9800,13.6,91.7,0.0,314,TRUE,Calefaccion,95.48,0.0,Valle,10.44
2156,2025-11-09 20:00:00,Residencial Mirador,BARCELONA,Residencial,9800,15.2,85.2,0.0,293,TRUE,Ventilacion,102.51,0.0,Valle,10.92
369,2025-01-01 00:00:00,Campus Norte,Bilbao,Educativo,8600,4.9,88.4,0.0,0,0,Apagado,11.42,0.0,Valle,1.14
451,2025-03-22 14:00:00,Campus Norte,Bilbao,Educativo,8600,13.1,94.1,409.3,87,0,Apagado,11.2,32.1,Valle,-0.75
278,2025-10-04 08:00:00,Torre Atlantida,Madrid,Oficinas,12500,17.4,57.6,157.7,25,0,Apagado,16.78,23.43,Valle,-0.29
1591,2025-04-27 14:00:00,Planta Logistica R2,Zaragoza,Industrial,26000,26.0,60.2,625.7,64,1,Refrigeracion,86.05,144.2,Valle,-2.02
1790,2025-11-13 08:00:00,Planta Logistica R2,Zaragoza,Industrial,26000,6.9,64.9,0.0,159,1,Calefaccion,254.9,0.0,Llano,43.59
1653,2025-06-30 00:00:00,Planta Logistica R2,Zaragoza,Industrial,26000,20.7,58.2,0.0,68,0, APAGADO,110.14,0.0,Valle,10.61
572,2025-07-20 20:00:00,Campus Norte,Bilbao,Educativo,8600,22.5,71.7,52.7,2,0,Apagado,13.21,3.64,Valle,0.97
677,2025-11-05 00:00:00,Campus Norte,Bilbao,Educativo,8600,11.0,90.7,0.0,52,1,Calefaccion,23.55,0.0,Valle,2.61
1886,2025-02-14 08:00:00,Residencial Mirador,Barcelona,Residencial,9800,12.7,85.2,40.1,69,1,Calefaccion,33.22,0.0,Llano,5.09
1501,2025-01-29 00:00:00,Planta Logistica R2,Zaragoza,Industrial,26000,3.4,79.5,0.0,57,Si,Calefaccion,699.2,0.0,Valle,11.67
872,2025-05-13 20:00:00,Hospital Sur,Sevilla,Sanitario,21000,28.6,,36.8,404,1,Refrigeracion,310.23,7.34,Punta,64.97
715,2025-12-11 14:00:00,Campus Norte,Bilbao,Educativo,8600,11.9,99.0,169.9,823,1,Calefaccion,85.54,11.45,Llano,12.14
1157,2025-02-22 00:00:00,Centro Comercial Delta,Valencia,Comercial,17400,7.2,88.7,0.0,305,1,Calefaccion,74.63,0.0,Valle,6.72
1864,2025-01-21 20:00:00,Residencial Mirador,Barcelona,Residencial,9800,10.1,86.8,0.0,334,1,Calefaccion,104.2,0.0,Punta,24.85
1996,2025-06-02 20:00:00,Residencial Mirador,Barcelona,Residencial,9800,22.4,75.1,57.1,304,0,Apagado,94.4,0.0,Punta,20.87
594,2025-08-13 08:00:00,Campus Norte,Bilbao,Educativo,8600,18.1,80.4,302.6,49,0,Apagado,10.3,22.71,Llano,-0.82
1893,2025-02-22 00:00:00,Residencial Mirador,Barcelona,Residencial,9800,7.5,92.0,0.0,284,si,Calefaccion,98.57,0.0,Valle,9.02
628,2025-09-14 20:00:00,Campus Norte,Bilbao,Educativo,8600,21.0,84.0,0.0,23,0, APAGADO,123.82,0.0,Valle,1.57
429,2025-03-02 00:00:00,Campus Norte,Bilbao,Educativo,8600,3.9,99.0,0.0,13,0, APAGADO,12.56,0.0,Valle,1.07
1377,2025-09-30 00:00:00,Centro Comercial Delta,Valencia,Comercial,17400,16.5,63.0,0.0,6,0,Apagado,48.77,0.0,Valle,5.32
1033,2025-10-24 00:00:00,Hospital Sur,Sevilla,Sanitario,21000,14.3,71.0,0.0,243,1,Calefaccion,189.79,0.0,Valle,19.87
721,2025-12-19 00:00:00,Campus Norte,Bilbao,Educativo,8600,4.9,95.4,0.0,55,1,Calefaccion,27.09,0.0,Valle,2.83
345,2025-12-11 00:00:00,Torre Atlantida,Madrid,Oficinas,12500,1.4,74.2,0.0,0,0,Apagado,23.23,0.0,Valle,2.42
1675,2025-07-20 14:00:00,Planta Logistica R2,Zaragoza,Industrial,26000,31.7,45.8,832.8,82,Si,Refrigeracion,,196.79,Valle,-3.09
1223,2025-04-27 14:00:00,Centro Comercial Delta,Valencia,Comercial,17400,23.4,76.7,533.5,1507,1,Ventilacion,234.32,70.19,Valle,14.12
1514,2025-02-10 08:00:00,Planta Logistica R2,Zaragoza,Industrial,26000,7.2,63.6,23.3,169,1,Calefaccion,260.82,6.44,Llano,37.47
1241,2025-05-17 00:00:00,Centro Comercial Delta,Valencia,Comercial,17400,18.5,74.5,0.0,166,0,Apagado,57.87,0.0,Valle,5.25
426,2025-02-26 08:00:00,Campus Norte,Bilbao,Educativo,8600,7.8,96.7,36.0,847,1,Calefaccion,118.49,2.61,Llano,16.71
1428,2025-11-17 20:00:00,Centro Comercial Delta,Valencia,Comercial,17400,16.8,81.9,0.0,1250,0,Apagado,263.23,0.0,Punta,69.65
52,2025-02-18 20:00:00,Torre Atlantida,Madrid,Oficinas,12500,8.1,71.5,0.0,68,1,Calefaccion,41.94,0.0,Punta,9.37
2166,2025-11-21 08:00:00,Residencial Mirador,Barcelona,Residencial,9800,9.3,83.9,0.0,72,1,Calefaccion,33.18,0.0,Llano,5.6
1346,2025-08-29 08:00:00,Centro Comercial Delta,Valencia,Comercial,17400,23.2,78.2,197.3,,0,Apagado,40.59,24.11,Llano,2.78
974,2025-08-25 08:00:00,Hospital Sur,Sevilla,Sanitario,21000,27.9,46.4,297.6,365,1,Refrigeracion,190.11,61.36,Llano,21.04
1994,2025-06-02 08:00:00,Residencial Mirador,Barcelona,Residencial,9800,20.9,75.0,331.8,82,0,Apagado,18.45,0.0,Llano,2.7
2014,2025-06-22 08:00:00,Residencial Mirador,Barcelona,Residencial,9800,23.7,65.9,432.4,103,1,Ventilacion,26.72,0.0,Valle,2.54
519,2025-05-29 14:00:00,Campus Norte, Bilbao ,Educativo,8600,25.3,82.6,596.2,803,1,Refrigeracion,89.73,47.22,Llano,5.93
1397,2025-10-20 00:00:00,Centro Comercial Delta,Valencia,Comercial,17400,11.6,68.8,0.0,125,0,Apagado,55.12,0.0,Valle,6.17
1832,2025-12-23 20:00:00,Planta Logistica R2,ZARAGOZA,Industrial,26000,7.8,70.3,0.0,178,1,Calefaccion,1153.57,0.0,Punta,66.33
880,2025-05-21 20:00:00,Hospital Sur,Sevilla,Sanitario,21000,25.9,48.9,45.2,344,1,Refrigeracion,266.94,9.07,Punta,56.53
1536,2025-03-02 20:00:00,Planta Logistica R2,Zaragoza,Industrial,26000,9.3,79.5,0.0,72,1,Calefaccion,144.07,0.0,Valle,13.33
297,2025-10-24 00:00:00,Torre Atlantida,Madrid,Oficinas,12500,11.5,58.8,0.0,12,0,Apagado,23.88,0.0,Valle,2.61
1711,2025-08-25 14:00:00,Planta Logistica R2,Zaragoza,Industrial,26000,26.8,,715.8,159,1,Refrigeracion,149.9,183.13,Llano,-2.27
1160,2025-02-22 20:00:00,Centro Comercial Delta,Valencia,Comercial,17400,12.6,75.2,0.0,1619,1,Calefaccion,318.38,0.0,Valle,28.88
1051,2025-11-09 14:00:00,Hospital Sur,Sevilla,Sanitario,21000,19.6,53.1,595.3,420,0,Apagado,201.58,118.01,Valle,8.87
862,2025-05-05 08:00:00,Hospital Sur,Sevilla,Sanitario,21000,19.5,51.4,298.4,380,0,Apagado,201.5,58.33,Llano,19.01
1402,2025-10-24 08:00:00,Centro Comercial Delta,Valencia,Comercial,17400,13.6,63.7,35.7,15,0,Apagado,51.88,4.62,Llano,8.53
1819,2025-12-11 14:00:00,Planta Logistica R2,Zaragoza,Industrial,26000,13.4,49.9,512.4,156,Si,Calefaccion,171.92,144.33,Llano,4.46
1577,2025-04-15 00:00:00,Planta Logistica R2,Zaragoza,Industrial,26000,10.5,53.2,0.0,46,1,Calefaccion,124.06,0.0,Valle,10.53
1054,2025-11-13 08:00:00,Hospital Sur,Sevilla,Sanitario,21000,9.0,72.7,0.0,432,1,Calefaccion,256.87,0.0,Llano,43.9
2051,2025-07-28 14:00:00,Residencial Mirador,Barcelona,Residencial,9800,24.8,78.6,579.4,56,1,Refrigeracion,20.76,0.0,Llano,3.29
346,2025-12-11 08:00:00,Torre Atlantida,Madrid,Oficinas,12500,0.7,70.0,0.0,388,1,Calefaccion,111.47,0.0,Llano,18.69
998,2025-09-18 08:00:00,Hospital Sur,Sevilla,Sanitario,21000,21.2,60.1,199.7,364,0,Apagado,192.08,37.47,Llano,26.38
1257,2025-06-02 00:00:00,Centro Comercial Delta,Valencia,Comercial,17400,20.0,63.4,0.0,50,0,Apagado,47.25,0.0,Valle,4.23
1359,2025-09-10 14:00:00,Centro Comercial Delta,Valencia,Comercial,17400,23.5,66.3,721.4,1200,1,Ventilacion,189.23,88.13,Llano,17.5
696,2025-11-21 20:00:00,Campus Norte,Bilbao,Educativo,8600,10.3,90.1,0.0,103,1,Calefaccion,27.17,0.0,Punta,7.09
1632,2025-06-06 20:00:00,Planta Logistica R2,Zaragoza,Industrial,26000,23.1,42.6,92.6,164,1,Ventilacion,250.82,24.53,Punta,49.49
193,2025-07-12 00:00:00,Torre Atlantida,Madrid,Oficinas,12500,22.4,56.5,0.0,3,0,Apagado,24.19,0.0,Valle,2.32
289,2025-10-16 00:00:00,Torre Atlantida,Madrid,Oficinas,12500,9.7,67.6,0.0,40,0,Apagado,25.56,0.0,Valle,2.8
1766,2025-10-20 08:00:00,Planta Logistica R2,Zaragoza,Industrial,26000,12.2,69.2,26.2,166,1, CALEFACCION,258.44,7.86,Llano,45.0
1021,2025-10-12 00:00:00,Hospital Sur, Sevilla ,Sanitario,21000,15.7,58.8,0.0,207,1,Ventilacion,174.7,0.0,Valle,18.69
1776,2025-10-28 20:00:00,Planta Logistica R2,Zaragoza,Industrial,26000,13.0,67.3,0.0,177,1,Calefaccion,252.3,0.0,Punta,67.94
126,2025-05-05 08:00:00,Torre Atlantida,Madrid,Oficinas,12500,18.1,50.9,284.0,351,0,Apagado,70.16,42.62,Llano,3.77
365,2025-12-31 00:00:00,Torre Atlantida,Madrid,Oficinas,12500,-1.6,78.1,0.0,0,0,Apagado,26.38,0.0,Valle,2.57
1308,2025-07-20 20:00:00,Centro Comercial Delta,Valencia,Comercial,17400,25.2,59.2,44.9,1455,1,Refrigeracion,338.44,5.95,Valle,32.65
732,2025-12-27 20:00:00,Campus Norte,Bilbao,Educativo,8600,11.6,89.8,0.0,35,0,Apagado,13.73,0.0,Valle,1.42
986,2025-09-06 08:00:00,Hospital Sur,Sevilla,Sanitario,21000,25.9,43.4,182.8,409,1,Refrigeracion,,38.58,Valle,18.24
877,2025-05-21 00:00:00,Hospital Sur,Sevilla,Sanitario,21000,16.7,67.0,0.0,206,0,Apagado,170.99,0.0,Valle,15.13
1103,2025-12-31 14:00:00,Hospital Sur,Sevilla,Sanitario,21000,14.4,54.2,509.2,400,1, CALEFACCION,1130.87,100.08,Llano,15.41
1822,2025-12-15 08:00:00,Planta Logistica R2,Zaragoza,Industrial,26000,6.8,84.3,0.0,158,1,Calefaccion,269.43,0.0,Llano,45.56
1991,2025-05-29 14:00:00,Residencial Mirador,Barcelona,Residencial,9800,24.5,73.3,887.4,70,1, REFRIGERACION,21.38,0.0,Llano,3.08
299,2025-10-24 14:00:00,Torre Atlantida,Madrid,Oficinas,12500,19.4,59.1,495.7,650,0,Apagado,113.32,76.16,Llano,6.47
528,2025-06-06 20:00:00,Campus Norte,Bilbao,Educativo,8600,19.1,82.4,68.1,62,0,Apagado,21.69,5.22,Punta,3.81
1708,2025-08-21 20:00:00,Planta Logistica R2,ZARAGOZA,Industrial,26000,26.9,47.6,0.0,163,1,Refrigeracion,,0.0,Punta,68.24
1060,2025-11-17 20:00:00,Hospital Sur,Sevilla,Sanitario,21000,17.5,63.1,0.0,402,0,Apagado,268.15,0.0,Punta,71.7
2049,2025-07-28 00:00:00,Residencial Mirador,Barcelona,Residencial,9800,19.3,77.7,0.0,270,0,Apagado,94.57,0.0,Valle,9.43
589,2025-08-09 00:00:00,Campus Norte,Bilbao,Educativo,8600,18.4,61.5,0.0,42,0,Apagado,15.03,0.0,Valle,1.53
500,2025-05-09 20:00:00,Campus Norte,Bilbao,Educativo,8600,15.8,98.8,0.0,93,Si,Ventilacion,23.26,0.0,Punta,5.0
1778,2025-11-01 08:00:00,Planta Logistica R2,Zaragoza,Industrial,26000,13.1,72.8,44.7,15,0,Apagado,48.86,11.19,Valle,4.26
1062,2025-11-21 08:00:00,Hospital Sur,Sevilla,Sanitario,21000,11.4,73.4,0.0,415,si,Calefaccion,282.91,0.0,Llano,50.08
707,2025-12-03 14:00:00,Campus Norte,Bilbao,Educativo,8600,8.0,99.0,316.9,781,1,Calefaccion,91.85,22.93,Llano,11.86
2006,2025-06-14 08:00:00,Residencial Mirador,Barcelona,Residencial,9800,21.7,61.6,447.7,125,0,Apagado,26.4,0.0,Valle,2.46
1204,2025-04-07 20:00:00,Centro Comercial Delta,Valencia,Comercial,17400,20.3,76.7,0.0,1363,0,Apagado,290.78,0.0,Punta,62.75
647,2025-10-04 14:00:00,Campus Norte,Bilbao,Educativo,8600,19.9,87.2,415.5,0,No,Apagado,7.42,30.58,Valle,-1.02
1130,2025-01-25 08:00:00,Centro Comercial Delta,Valencia,Comercial,17400,8.9,79.6,0.0,64,Si,Calefaccion,59.09,0.0,Valle,5.74
1288,2025-06-30 20:00:00,Centro Comercial Delta,Valencia,Comercial,17400,27.0,72.9,47.1,1205,1,Refrigeracion,289.58,5.68,Punta,65.84
734,2025-12-31 08:00:00,Campus Norte,Bilbao,Educativo,8600,7.8,96.8,0.0,1,0,Apagado,12.63,0.0,Llano,2.14
1988,2025-05-25 20:00:00,Residencial Mirador,Barcelona,Residencial,9800,22.2,69.4,14.8,311,0,Apagado,90.55,0.0,Valle,7.99
1150,2025-02-14 08:00:00,Centro Comercial Delta,Valencia,Comercial,17400,12.9,72.7,72.6,0,0,Apagado,46.57,9.21,Llano,5.65
976,2025-08-25 20:00:00,Hospital Sur,Sevilla,Sanitario,21000,29.7,47.3,0.0,429,1,Refrigeracion,296.75,0.0,Punta,76.5
1085,2025-12-15 00:00:00,Hospital Sur,sevilla,Sanitario,21000,6.0,76.3,0.0,240,1,Calefaccion,186.34,0.0,Valle,19.94
385,2025-01-17 00:00:00,Campus Norte,Bilbao,Educativo,8600,5.4,99.0,0.0,5,1,Calefaccion,23.64,0.0,Valle,2.27
162,2025-06-10 08:00:00,Torre Atlantida,Madrid,Oficinas,12500,21.0,54.9,399.1,352,FALSE,Apagado,69.44,65.08,Llano,0.62
1528,2025-02-22 20:00:00,Planta Logistica R2,Zaragoza,Industrial,26000,8.3,80.3,0.0,57,1,Calefaccion,149.85,0.0,Valle,13.8
2104,2025-09-18 20:00:00,Residencial Mirador,Barcelona,Residencial,9800,19.8,70.6,0.0,315,0,Apagado,93.96,0.0,Punta,24.7
490,2025-05-01 08:00:00,Campus Norte,Bilbao,Educativo,8600,14.7,80.5,193.5,9,0,Apagado,8.11,15.22,Valle,-0.25
1011,2025-09-30 14:00:00,Hospital Sur,Sevilla,Sanitario,21000,27.3,60.4,679.3,391,1,Refrigeracion,200.55,136.93,Llano,10.87
478,2025-04-19 08:00:00,Campus Norte,Bilbao,Educativo,8600,15.2,89.1,148.0,0,0,Apagado,7.51,11.16,Valle,-0.13
1006,2025-09-26 08:00:00,Hospital Sur,Sevilla,Sanitario,21000,24.0,62.1,152.6,393,1,Ventilacion,198.67,31.47,Llano,29.58
1398,2025-10-20 08:00:00,Centro Comercial Delta,Valencia,Comercial,17400,16.2,83.5,28.0,155,0,Apagado,55.06,3.38,Llano,9.17
442,2025-03-14 08:00:00,Campus Norte,Bilbao,Educativo,8600,9.5,99.0,20.7,826,1,Calefaccion,125.43,1.58,Llano,17.43
632,2025-09-18 20:00:00,Campus Norte,Bilbao,Educativo,8600,20.0,75.9,0.0,70,0,Apagado,22.24,0.0,Punta,5.85
1505,2025-02-02 00:00:00,Planta Logistica R2,Zaragoza,Industrial,26000,3.1,78.3,0.0,7,1,Calefaccion,93.52,0.0,Valle,8.81
1894,2025-02-22 08:00:00,Residencial Mirador,Barcelona,Residencial,9800,11.0,84.6,9.0,103,1,Calefaccion,47.9,0.0,Valle,4.41
640,2025-09-26 20:00:00,Campus Norte,Bilbao,Educativo,8600,14.9,97.0,0.0,103,1,Ventilacion,25.35,0.0,Punta,6.78
1849,2025-01-09 00:00:00,Residencial Mirador,Barcelona,Residencial,9800,6.2,99.0,0.0,318,1,Calefaccion,95.31,0.0,Valle,9.1
1235,2025-05-09 14:00:00,Centro Comercial Delta,Valencia,Comercial,17400,26.8,53.7,755.0,1434,1,Refrigeracion,225.81,101.17,Llano,17.47
1399,2025-10-20 14:00:00,Centro Comercial Delta,Valencia,Comercial,17400,22.8,70.3,642.9,1366,0,Apagado,198.61,86.21,Llano,20.33
724,2025-12-19 20:00:00,Campus Norte,Bilbao,Educativo,8600,8.7,94.0,0.0,24,si,Calefaccion,23.97,0.0,Punta,6.22
2060,2025-08-05 20:00:00,Residencial Mirador,Barcelona,Residencial,9800,23.7,82.6,0.0,302,1,Ventilacion,,0.0,Punta,23.58
494,2025-05-05 08:00:00,Campus Norte,Bilbao,Educativo,8600,10.8,94.4,249.2,847,1,Calefaccion,82.34,19.68,Llano,8.91
2102,2025-09-18 08:00:00,Residencial Mirador, Barcelona ,Residencial,9800,17.5,73.6,198.3,35,No,Apagado,17.31,0.0,Llano,2.98
119,2025-04-27 14:00:00,Torre Atlantida,Madrid,Oficinas,12500,20.0,65.0,523.7,0,0,Apagado,15.4,75.8,Valle,-2.16
1873,2025-02-02 00:00:00,Residencial Mirador,Barcelona,Residencial,9800,8.4,89.4,0.0,326,1,Calefaccion,109.86,0.0,Valle,10.16
1496,2025-01-21 20:00:00,Planta Logistica R2,Zaragoza,Industrial,26000,6.8,84.6,0.0,170,si,Calefaccion,265.99,0.0,Punta,64.29
2190,2025-12-15 08:00:00,Residencial Mirador,Barcelona,Residencial,9800,8.3,89.1,0.0,51,1, CALEFACCION,32.83,0.0,Llano,5.52
1091,2025-12-19 14:00:00,Hospital Sur,Sevilla,Sanitario,21000,16.5,76.0,431.7,429,0, APAGADO,208.13,91.51,Llano,19.53
890,2025-06-02 08:00:00,Hospital Sur,Sevilla,Sanitario,21000,26.2,,434.6,425,1,Refrigeracion,210.9,87.98,Llano,17.47
1572,2025-04-07 20:00:00,Planta Logistica R2,Zaragoza,Industrial,26000,19.0,61.0,0.0,157,0,Apagado,247.89,0.0,Punta,52.48
415,2025-02-14 14:00:00,Campus Norte,Bilbao,Educativo,8600,8.0,99.0,349.4,,1,Calefaccion,89.04,25.88,Llano,9.63
1989,2025-05-29 00:00:00,Residencial Mirador,Barcelona,Residencial,9800,19.0,82.2,0.0,270,0,Apagado,86.0,0.0,Valle,7.84
771,2025-02-02 14:00:00,Hospital Sur,Sevilla,Sanitario,21000,21.2,60.0,410.2,424,0,Apagado,200.62,84.64,Valle,10.91
805,2025-03-10 00:00:00,Hospital Sur,Sevilla,Sanitario,21000,9.7,74.2,0.0,218,1,Calefaccion,192.95,0.0,Valle,17.13
2135,2025-10-20 14:00:00,Residencial Mirador,Barcelona,Residencial,9800,22.4,73.4,554.7,77,0,Apagado,19.68,0.0,Llano,3.42
949,2025-08-01 00:00:00,Hospital Sur,Sevilla,Sanitario,21000,21.0,62.6,0.0,241,0,Apagado,180.94,0.0,Valle,18.47
2029,2025-07-08 00:00:00,Residencial Mirador,Barcelona,Residencial,9800,17.7,85.9,0.0,279,0,Apagado,95.08,0.0,Valle,
1276,2025-06-18 20:00:00,Centro Comercial Delta,Valencia,Comercial,17400,26.2,62.1,72.5,1286,1,Refrigeracion,280.42,9.4,Punta,61.14
573,2025-07-24 00:00:00,Campus Norte,Bilbao,Educativo,8600,21.7,83.5,0.0,26,0,Apagado,13.67,0.0,Valle,1.33
1802,2025-11-25 08:00:00,Planta Logistica R2,Zaragoza,Industrial,26000,4.7,84.1,0.0,161,1,Calefaccion,276.13,0.0,Llano,47.36
2058,2025-08-05 08:00:00,Residencial Mirador,Barcelona,Residencial,9800,,61.4,367.1,68,0,Apagado,18.48,0.0,Llano,2.98
1608,2025-05-13 20:00:00,Planta Logistica R2,Zaragoza,Industrial,26000,19.7,55.2,0.0,181,0,Apagado,257.75,0.0,Punta,54.15
673,2025-11-01 00:00:00,Campus Norte,Bilbao,Educativo,8600,12.5,97.3,0.0,34,0,Apagado,14.81,0.0,Valle,1.66
400,2025-01-29 20:00:00,Campus Norte,Bilbao,Educativo,8600,10.9,89.4,0.0,78,1,Calefaccion,25.3,0.0,Punta,5.92
552,2025-06-30 20:00:00,Campus Norte,Bilbao,Educativo,8600,23.9,74.5,68.6,34,1,Ventilacion,18.42,4.92,Punta,3.15
1199,2025-04-03 14:00:00,Centro Comercial Delta,Valencia,Comercial,17400,19.3,89.5,394.4,1272,0,Apagado,191.43,53.16,Llano,18.87
321,2025-11-17 00:00:00,Torre Atlantida,Madrid,Oficinas,12500,4.3,75.2,0.0,23,0,Apagado,21.84,0.0,Valle,2.32
470,2025-04-11 08:00:00,Campus Norte,Bilbao,Educativo,8600,13.4,98.1,139.7,777,1,Calefaccion,86.32,10.94,Llano,10.33
1729,2025-09-14 00:00:00,Planta Logistica R2,Zaragoza,Industrial,26000,15.4,79.1,0.0,16,1,Ventilacion,67.11,0.0,Valle,7.47
230,2025-08-17 08:00:00,Torre Atlantida,Madrid,Oficinas,12500,22.1,59.4,384.3,21,0,Apagado,17.14,61.28,Valle,-1.83
1546,2025-03-14 08:00:00,Planta Logistica R2,Zaragoza,Industrial,26000,4.9,,110.9,172,1,Calefaccion,248.81,31.84,Llano,30.51
1506,2025-02-02 08:00:00,Planta Logistica R2,Zaragoza,Industrial,26000,4.8,75.4,0.0,63,1,Calefaccion,149.94,0.0,Valle,14.44
1539,2025-03-06 14:00:00,Planta Logistica R2,Zaragoza,Industrial,26000,14.7,76.7,330.1,188,1,Ventilacion,151.2,92.39,Llano,8.52
80,2025-03-18 20:00:00,Torre Atlantida,Madrid,Oficinas,12500,10.6,66.9,0.0,79,1,Calefaccion,46.26,0.0,Punta,10.08
534,2025-06-14 08:00:00,Campus Norte,Bilbao,Educativo,8600,17.5,78.8,275.3,0,0,Apagado,7.88,21.58,Valle,-0.49
1913,2025-03-14 00:00:00,Residencial Mirador,Barcelona,Residencial,9800,9.4,92.1,,295,1,Calefaccion,105.62,0.0,Valle,9.32
458,2025-03-30 08:00:00,Campus Norte,Bilbao,Educativo,8600,9.9,94.7,109.4,72,FALSE,Apagado,17.24,8.67,Valle,0.75
291,2025-10-16 14:00:00,Torre Atlantida,Madrid,Oficinas,12500,19.5,61.2,658.2,593,No,Apagado,467.26,97.69,Llano,2.15
1824,2025-12-15 20:00:00,Planta Logistica R2,Zaragoza,Industrial,26000,8.3,78.9,0.0,204,1,Calefaccion,279.6,0.0,Punta,72.19
371,2025-01-01 14:00:00,Campus Norte,Bilbao,Educativo,8600,8.6,,209.4,27,No,Apagado,9.39,15.09,Valle,-0.23
266,2025-09-22 08:00:00,Torre Atlantida, Madrid,Oficinas,12500,14.6,55.2,202.6,379,si,Ventilacion,69.14,31.91,Llano,6.51
1000,2025-09-18 20:00:00,Hospital Sur,Sevilla,Sanitario,21000,25.7,61.2,0.0,448,1,Refrigeracion,293.37,0.0,Punta,79.94
165,2025-06-14 00:00:00,Torre Atlantida,Madrid,Oficinas,12500,20.8,62.8,0.0,6,0,Apagado,22.71,0.0,Valle,1.98
1654,2025-06-30 08:00:00,Planta Logistica R2,Zaragoza,Industrial,26000,23.7,,387.9,167,1,Ventilacion,136.15,99.65,Llano,5.32
540,2025-06-18 20:00:00,Campus Norte,Bilbao,Educativo,8600,20.1,82.5,70.5,72,0,Apagado,21.86,5.02,Punta,3.61
1848,2025-01-05 20:00:00,Residencial Mirador,Barcelona,Residencial,9800,7.7,99.0,0.0,287,1,Calefaccion,102.16,0.0,Valle,10.09
474,2025-04-15 08:00:00,Campus Norte,Bilbao,Educativo,8600,15.4,92.5,79.9,717,1,Ventilacion,106.17,6.22,Llano,13.77
876,2025-05-17 20:00:00,Hospital Sur,Sevilla,Sanitario,21000,27.8,49.3,11.3,412,1,Refrigeracion,316.64,2.27,Valle,26.63
198,2025-07-16 08:00:00,Torre Atlantida,Madrid,Oficinas,12500,26.1,48.9,384.5,315,1,Refrigeracion,73.29,54.35,Llano,3.01
186,2025-07-04 08:00:00,Torre Atlantida,Madrid,Oficinas,12500,20.3,46.5,459.3,331,FALSE,Apagado,69.39,69.77,Llano,-0.02
1908,2025-03-06 20:00:00,Residencial Mirador,Barcelona,Residencial,9800,,90.7,0.0,298,TRUE,Calefaccion,97.01,0.0,Punta,21.15
422,2025-02-22 08:00:00,Campus Norte,Bilbao,Educativo,8600,8.6,99.0,2.3,0,0,Apagado,13.08,0.16,Valle,1.16
1476,2025-01-01 20:00:00,Planta Logistica R2,Zaragoza,Industrial,26000,8.2,77.4,0.0,3,0,Apagado,46.39,0.0,Valle,4.61
257,2025-09-14 00:00:00,Torre Atlantida,Madrid,Oficinas,12500,16.1,60.0,0.0,0,0,Apagado,23.57,0.0,Valle,2.56
136,2025-05-13 20:00:00,Torre Atlantida,Madrid,Oficinas,12500,19.2,45.1,40.8,141,0,Apagado,42.47,6.19,Punta,7.99
2065,2025-08-13 00:00:00,Residencial Mirador,Barcelona,Residencial,9800,22.1,50.7,0.0,290,0,Apagado,92.28,0.0,Valle,9.12
1694,2025-08-09 08:00:00,Planta Logistica R2,Zaragoza,Industrial,26000,23.5,55.6,380.3,78,1,Ventilacion,80.77,102.46,Valle,-0.88
1833,2025-12-27 00:00:00,Planta Logistica R2,Zaragoza,Industrial,26000,1.8,76.7,0.0,41,1,Calefaccion,96.12,0.0,Valle,9.81
1757,2025-10-12 00:00:00,Planta Logistica R2,Zaragoza,Industrial,26000,14.7,68.6,0.0,0,0,Apagado,44.97,0.0,Valle,4.74
867,2025-05-09 14:00:00,Hospital Sur,Sevilla,Sanitario,21000,27.2,49.4,730.4,392,1,Refrigeracion,210.36,165.61,Llano,6.24
1821,2025-12-15 00:00:00,Planta Logistica R2,Zaragoza,Industrial,26000,-999.0,78.1,0.0,,1,Calefaccion,134.44,0.0,Valle,14.33
275,2025-09-30 14:00:00,Torre Atlantida,Madrid,Oficinas,12500,22.0,59.0,633.0,582,0,Apagado,99.47,96.34,Llano,0.55
1038,2025-10-28 08:00:00,Hospital Sur,Sevilla,Sanitario,21000,16.5,73.9,35.1,416,0,Apagado,273.57,7.06,Llano,45.92
2202,2025-12-27 08:00:00,Residencial Mirador,Barcelona,Residencial,9800,9.1,95.1,0.0,119,1,Calefaccion,46.92,0.0,Valle,4.86
50,2025-02-18 08:00:00,Torre Atlantida,Madrid,Oficinas,12500,2.5,86.5,35.3,324,1,Calefaccion,105.43,4.68,Llano,14.77
1919,2025-03-18 14:00:00,Residencial Mirador,Barcelona,Residencial,9800,15.7,79.7,535.0,57,1,Ventilacion,18.0,0.0,Llano,2.52
1594,2025-05-01 08:00:00,Planta Logistica R2,Zaragoza,Industrial,26000,15.0,72.5,270.5,0,0,Apagado,33.22,78.53,Valle,-1.58
527,2025-06-06 14:00:00,Campus Norte,Bilbao,Educativo,8600,23.3,79.0,730.9,866,si,Ventilacion,85.91,59.9,Llano,3.77
453,2025-03-26 00:00:00,Campus Norte, Bilbao ,Educativo,8600,10.8,99.0,0.0,78,1,Calefaccion,25.16,0.0,Valle,2.19
1781,2025-11-05 00:00:00,Planta Logistica R2,Zaragoza,Industrial,26000,7.2,72.9,0.0,54,1,Calefaccion,127.43,0.0,Valle,13.49
683,2025-11-09 14:00:00,Campus Norte,Bilbao,Educativo,8600,13.5,95.1,453.5,37,0,Apagado,8.95,33.09,Valle,-1.06
463,2025-04-03 14:00:00,Campus Norte,Bilbao,Educativo,8600,15.9,91.0,398.2,848,1,Ventilacion,76.58,29.96,Llano,6.48
1229,2025-05-05 00:00:00,Centro Comercial Delta,Valencia,Comercial,17400,18.2,65.7,0.0,,0,Apagado,49.21,0.0,Valle,4.28
936,2025-07-16 20:00:00,Hospital Sur,Sevilla,Sanitario,21000,29.5,44.0,53.5,407,1,Refrigeracion,287.84,10.27,Punta,67.31
1630,2025-06-06 08:00:00,Planta Logistica R2,Zaragoza,Industrial,26000,23.8,56.8,391.1,169,1, VENTILACION,147.95,103.08,Llano,6.26
1372,2025-09-22 20:00:00,Centro Comercial Delta,Valencia,Comercial,17400,23.4,57.5,0.0,1231,1,Ventilacion,288.78,0.0,Punta,76.44
1493,2025-01-21 00:00:00,Planta Logistica R2,Zaragoza,Industrial,26000,,88.0,0.0,56,1,Calefaccion,131.11,0.0,Valle,12.95
648,2025-10-04 20:00:00,Campus Norte,Bilbao,Educativo,8600,21.2,77.6,0.0,0,No,Apagado,12.66,0.0,Valle,1.38
1805,2025-11-29 00:00:00,Planta Logistica R2,Zaragoza,Industrial,26000,5.3,74.1,0.0,45,1,Calefaccion,92.2,0.0,Valle,10.0
1058,2025-11-17 08:00:00,Hospital Sur,Sevilla,Sanitario,21000,13.3,79.8,0.0,426,TRUE,Calefaccion,278.0,0.0,Llano,47.68
1441,2025-12-03 00:00:00,Centro Comercial Delta,Valencia,Comercial,17400,8.2,95.9,0.0,139,No,Apagado,54.73,0.0,Valle,5.86
860,2025-05-01 20:00:00,Hospital Sur,Sevilla,Sanitario,21000,23.5,59.3,0.0,402,1,Ventilacion,266.09,0.0,Valle,23.02
248,2025-09-02 20:00:00,Torre Atlantida,Madrid,Oficinas,12500,22.2,,0.0,65,0,Apagado,38.92,0.0,Punta,10.11
991,2025-09-10 14:00:00,Hospital Sur,Sevilla,Sanitario,21000,33.6,54.0,639.5,437,Si,Refrigeracion,229.14,122.7,Llano,18.37
1180,2025-03-14 20:00:00,Centro Comercial Delta,VALENCIA,Comercial,17400,13.5,88.7,0.0,1341,Si,Calefaccion,290.5,0.0,Punta,62.95
1002,2025-09-22 08:00:00,Hospital Sur,Sevilla,Sanitario,21000,19.8,54.0,168.7,431,0,Apagado,198.61,33.73,Llano,29.4
2141,2025-10-28 00:00:00,Residencial Mirador,Barcelona,Residencial,9800,12.6,79.8,0.0,313,1,Calefaccion,93.14,0.0,Valle,10.06
1795,2025-11-17 14:00:00,Planta Logistica R2,Zaragoza,Industrial,26000,13.8,81.0,374.9,151,Si,Calefaccion,144.82,103.3,Llano,7.28
340,2025-12-03 20:00:00,Torre Atlantida,Madrid,Oficinas,12500,-999.0,86.5,0.0,63,1,Calefaccion,48.28,0.0,Punta,12.53
217,2025-08-05 00:00:00,Torre Atlantida,Madrid,Oficinas,12500,21.8,53.1,0.0,29,0,Apagado,25.68,0.0,Valle,2.52
240,2025-08-25 20:00:00,Torre Atlantida,Madrid,Oficinas,12500,23.4,47.1,0.0,31,1,Ventilacion,35.07,0.0,Punta,9.36
1277,2025-06-22 00:00:00,Centro Comercial Delta,Valencia,Comercial,17400,23.0,56.1,0.0,88,0,Apagado,51.14,0.0,Valle,4.77
544,2025-06-22 20:00:00,Campus Norte, Bilbao,Educativo,8600,21.4,78.4,80.5,46,0,Apagado,14.8,6.21,Valle,0.79
1844,2025-01-01 20:00:00,Residencial Mirador,Barcelona,Residencial,9800,10.0,81.2,0.0,285,1,Calefaccion,93.21,0.0,Valle,9.41
1518,2025-02-14 08:00:00,Planta Logistica R2,Zaragoza ,Industrial,26000,5.3,74.6,16.4,167,TRUE,Calefaccion,274.18,4.3,Llano,40.62
1489,2025-01-17 00:00:00,Planta Logistica R2,Zaragoza,Industrial,26000,0.7,84.1,0.0,64,1,Calefaccion,127.53,0.0,Valle,12.4
1416,2025-11-05 20:00:00,Centro Comercial Delta,Valencia,Comercial,17400,16.5,69.9,0.0,1433,0,Apagado,286.42,0.0,Punta,77.22
439,2025-03-10 14:00:00,Campus Norte,Bilbao,Educativo,8600,15.0,77.7,421.4,835,1,Ventilacion,82.23,33.33,Llano,6.86
1269,2025-06-14 00:00:00,Centro Comercial Delta,Valencia,Comercial,17400,21.9,64.8,0.0,64,0,Apagado,51.94,0.0,Valle,4.84
861,2025-05-05 00:00:00,Hospital Sur,Sevilla,Sanitario,21000,16.1,55.3,0.0,203,0,Apagado,174.04,0.0,Valle,14.74
951,2025-08-01 14:00:00,Hospital Sur,Sevilla,Sanitario,21000,39.8,46.0,717.9,396,1,Refrigeracion,246.49,134.05,Llano,18.47
327,2025-11-21 14:00:00,Torre Atlantida,Madrid,Oficinas,12500,13.6,70.5,415.8,603,1,Calefaccion,110.0,61.33,Llano,8.32
227,2025-08-13 14:00:00,Torre Atlantida,Madrid,Oficinas,12500,29.3,37.3,929.4,536,1,Refrigeracion,115.03,136.08,Llano,-1.36
2046,2025-07-24 08:00:00,Residencial Mirador,Barcelona,Residencial,9800,23.5,64.7,407.9,62,1,Ventilacion,19.02,0.0,Llano,3.07
1490,2025-01-17 08:00:00,Planta Logistica R2,Zaragoza,Industrial,26000,2.3,72.0,0.0,164,1,Calefaccion,283.93,0.0,Llano,44.61
554,2025-07-04 08:00:00,Campus Norte,Bilbao,Educativo,8600,18.1,83.6,196.7,0,0,Apagado,8.09,15.31,Llano,-0.46
62,2025-03-02 08:00:00,Torre Atlantida,Madrid,Oficinas,12500,5.1,75.0,60.7,0,0,Apagado,23.4,9.45,Valle,1.23
1998,2025-06-06 08:00:00,Residencial Mirador,BARCELONA,Residencial,9800,20.5,84.0,292.0,23,0,Apagado,16.21,0.0,Llano,2.34
1443,2025-12-03 14:00:00,Centro Comercial Delta,Valencia,Comercial,17400,16.4,77.9,360.6,1184,0,Apagado,187.89,45.48,Llano,23.54
1827,2025-12-19 14:00:00,Planta Logistica R2,Zaragoza,Industrial,26000,16.7,79.4,369.8,189,0,Apagado,155.26,98.48,Llano,9.54
2200,2025-12-23 20:00:00,Residencial Mirador,Barcelona,Residencial,9800,,83.9,0.0,312,1,Ventilacion,98.25,0.0,Punta,24.66
156,2025-06-02 20:00:00,Torre Atlantida,Madrid,Oficinas,12500,21.2,45.2,105.0,33,no,Apagado,37.13,16.3,Punta,4.71
1993,2025-06-02 00:00:00,Residencial Mirador,Barcelona,Residencial,9800,16.8,70.0,,328,0,Apagado,91.32,0.0,Valle,8.0
1644,2025-06-18 20:00:00,Planta Logistica R2,Zaragoza,Industrial,26000,28.6,,32.4,176,1,Refrigeracion,283.11,8.53,Punta,63.1
1703,2025-08-17 14:00:00,Planta Logistica R2,Zaragoza,Industrial,26000,33.8,47.1,728.1,64,1,Refrigeracion,109.25,193.08,Valle,-3.61
2026,2025-07-04 08:00:00,Residencial Mirador,Barcelona,Residencial,9800,21.4,65.1,432.6,81,0, APAGADO,18.66,0.0,Llano,2.85
2129,2025-10-16 00:00:00,Residencial Mirador,Barcelona,Residencial,9800,12.3,76.7,0.0,314,1,Calefaccion,95.34,0.0,Valle,10.72
1391,2025-10-12 14:00:00,Centro Comercial Delta,Valencia,Comercial,17400,23.9,73.8,557.7,1646,1,Ventilacion,221.77,71.12,Valle,16.18
2022,2025-06-30 08:00:00,Residencial Mirador,Barcelona,Residencial,9800,22.5,66.6,393.5,66,0,Apagado,18.41,0.0,Llano,2.72
349,2025-12-15 00:00:00,Torre Atlantida,Madrid,Oficinas,12500,4.0,71.2,0.0,43,0, APAGADO,23.35,0.0,Valle,2.52
298,2025-10-24 08:00:00,Torre Atlantida,Madrid,Oficinas,12500,7.9,69.5,32.0,327,1,Calefaccion,104.15,4.8,Llano,17.31
167,2025-06-14 14:00:00,Torre Atlantida,Madrid,Oficinas,12500,30.4,50.4,761.2,0,0,Apagado,14.36,114.34,Valle,-3.63
1892,2025-02-18 20:00:00,Residencial Mirador,Barcelona,Residencial,9800,9.0,82.5,0.0,,1,Calefaccion,102.61,0.0,Punta,23.72
536,2025-06-14 20:00:00,Campus Norte,bilbao,Educativo,8600,19.2,91.7,82.8,0,0,Apagado,11.94,6.24,Valle,0.53
2140,2025-10-24 20:00:00,Residencial Mirador,Barcelona,Residencial,9800,16.5,80.1,0.0,319,0,Apagado,93.95,0.0,Punta,24.76
205,2025-07-24 00:00:00,Torre Atlantida,Madrid,Oficinas,12500,20.4,55.1,0.0,52,0,Apagado,25.85,0.0,Valle,2.46
1570,2025-04-07 08:00:00,Planta Logistica R2,Zaragoza,Industrial,26000,12.9,69.1,156.9,143,1,Calefaccion,153.32,43.81,Llano,15.24
907,2025-06-18 14:00:00,Hospital Sur,Sevilla,Sanitario,21000,36.2,39.3,903.4,395,1,Refrigeracion,248.67,156.11,Llano,14.12
914,2025-06-26 08:00:00,Hospital Sur,Sevilla,Sanitario,21000,25.4,59.8,373.9,424,1,Refrigeracion,205.3,74.81,Llano,19.77
2130,2025-10-16 08:00:00,Residencial Mirador,Barcelona,Residencial,9800,11.3,89.8,80.0,-24,1,Calefaccion,33.03,0.0,Llano,5.82
187,2025-07-04 14:00:00,Torre Atlantida,Madrid,Oficinas,12500,30.5,48.0,895.0,620,1,Refrigeracion,115.88,127.45,Llano,-0.71
778,2025-02-10 08:00:00,Hospital Sur,Sevilla,Sanitario,21000,9.6,69.7,50.0,397,1,Calefaccion,285.31,9.47,Llano,42.56
2196,2025-12-19 20:00:00,Residencial Mirador,Barcelona,Residencial,9800,7.9,,0.0,288,1,Calefaccion,101.73,0.0,Punta,25.72
600,2025-08-17 20:00:00,Campus Norte,Bilbao,Educativo,8600,22.4,64.2,0.0,25,0,Apagado,12.72,0.0,Valle,1.29
1034,2025-10-24 08:00:00,Hospital Sur,Sevilla,Sanitario,21000,,71.0,50.4,367,1,Calefaccion,271.37,10.55,Llano,47.63
11,2025-01-09 14:00:00,Torre Atlantida,Madrid,Oficinas,12500,13.2,58.9,332.4,539,1,Calefaccion,109.16,48.02,Llano,10.03
1283,2025-06-26 14:00:00,Centro Comercial Delta,Valencia,Comercial,17400,29.2,67.0,900.5,1429,1,Refrigeracion,234.95,115.06,Llano,17.42
1305,2025-07-20 00:00:00,Centro Comercial Delta,Valencia,Comercial,17400,22.2,,0.0,85,0, APAGADO,52.22,0.0,Valle,5.31
1234,2025-05-09 08:00:00,Centro Comercial Delta,Valencia,Comercial,17400,20.1,73.4,217.2,100,0,Apagado,38.3,27.89,Llano,1.46
556,2025-07-04 20:00:00,Campus Norte,Bilbao,Educativo,8600,25.9,65.6,92.5,31,0,Apagado,15.44,7.81,Punta,1.8
290,2025-10-16 08:00:00,Torre Atlantida,Madrid,Oficinas,12500,11.7,62.2,69.7,386,1,Calefaccion,114.2,10.02,Llano,18.41
428,2025-02-26 20:00:00,Campus Norte,Bilbao,Educativo,8600,12.3,87.2,0.0,108,1, CALEFACCION,26.57,0.0,Punta,5.87
1586,2025-04-23 08:00:00,Planta Logistica R2,Zaragoza,Industrial,26000,15.2,58.9,193.4,169,1,Ventilacion,158.28,52.0,Llano,15.03
1663,2025-07-08 14:00:00,Planta Logistica R2,Zaragoza,Industrial,26000,,49.5,872.9,180,1,Refrigeracion,171.99,243.95,Llano,-4.38
1323,2025-08-05 14:00:00,Centro Comercial Delta,Valencia,Comercial,17400,30.8,58.8,874.9,1260,1,Refrigeracion,209.77,94.34,Llano,18.21
122,2025-05-01 08:00:00,Torre Atlantida,Madrid,Oficinas,12500,15.3,60.4,324.3,78,0, APAGADO,20.73,49.64,Valle,-0.98
657,2025-10-16 00:00:00,Campus Norte,Bilbao,Educativo,8600,11.7,81.8,0.0,0,1,Calefaccion,21.12,0.0,Valle,2.33
1720,2025-09-02 20:00:00,Planta Logistica R2,Zaragoza,Industrial,26000,23.9,55.1,0.0,188,1,Ventilacion,248.04,0.0,Punta,65.04
152,2025-05-29 20:00:00,Torre Atlantida,Madrid,Oficinas,12500,22.9,54.2,45.5,52,0,Apagado,40.1,6.94,Punta,7.38
1898,2025-02-26 08:00:00,Residencial Mirador,Barcelona,Residencial,9800,8.0,84.2,100.8,77,1,Calefaccion,36.68,0.0,Llano,5.2
1137,2025-02-02 00:00:00,Centro Comercial Delta,Valencia,Comercial,17400,7.3,85.9,0.0,126,1,Calefaccion,69.07,0.0,Valle,6.52
1817,2025-12-11 00:00:00,Planta Logistica R2,Zaragoza,Industrial,26000,5.2,73.6,0.0,40,si,Calefaccion,125.96,0.0,Valle,14.02
1448,2025-12-07 20:00:00,Centro Comercial Delta,Valencia,Comercial,17400,11.4,86.8,0.0,1604,1,Calefaccion,329.81,0.0,Valle,35.52
1511,2025-02-06 14:00:00,Planta Logistica R2,Zaragoza,Industrial,26000,10.3,76.8,403.5,159,1,Calefaccion,159.6,114.66,Llano,6.71
131,2025-05-09 14:00:00,Torre Atlantida,Madrid,Oficinas,12500,25.3,53.6,748.5,600,1,Refrigeracion,110.82,114.31,Llano,-0.2
1486,2025-01-13 08:00:00,Planta Logistica R2,Zaragoza,Industrial,26000,2.2,88.0,0.0,155,1,Calefaccion,259.14,0.0,Llano,42.42
851,2025-04-23 14:00:00,Hospital Sur,Sevilla,Sanitario,21000,27.4,53.7,535.9,430,1,Refrigeracion,206.88,109.04,Llano,13.8
134,2025-05-13 08:00:00,Torre Atlantida,Madrid,Oficinas,12500,14.7,61.1,275.2,312,1,Ventilacion,67.92,37.99,Llano,4.1
1,2025-01-01 00:00:00,Torre Atlantida,Madrid,Oficinas,12500,-0.5,83.5,0.0,41,0,Apagado,27.48,0.0,Valle,2.77
1798,2025-11-21 08:00:00,Planta Logistica R2, Zaragoza,Industrial,26000,5.3,87.2,0.0,164,1,Calefaccion,261.11,0.0,Llano,44.49
1971,2025-05-09 14:00:00,Residencial Mirador,Barcelona,Residencial,9800,22.0,80.9,668.4,82,0,Apagado,19.78,0.0,Llano,2.85
1899,2025-02-26 14:00:00,Residencial Mirador,Barcelona,Residencial,9800,14.3,93.5,330.9,63,1,Calefaccion,18.82,0.0,Llano,2.7
700,2025-11-25 20:00:00,Campus Norte,Bilbao,Educativo,8600,12.1,96.4,0.0,0,1,Calefaccion,20.13,0.0,Punta,5.34
1725,2025-09-10 00:00:00,Planta Logistica R2,Zaragoza,Industrial,26000,16.2,60.4,0.0,65,0,Apagado,114.72,0.0,Valle,12.39
1648,2025-06-22 20:00:00,Planta Logistica R2,Zaragoza,Industrial,26000,28.2,48.0,32.7,63,1,Refrigeracion,162.6,9.1,Valle,14.46
1096,2025-12-23 20:00:00,Hospital Sur,Sevilla,Sanitario,21000,11.3,72.1,0.0,411,1,Calefaccion,292.23,0.0,Punta,75.28
239,2025-08-25 14:00:00,Torre Atlantida,Madrid,Oficinas,12500,29.2,44.7,855.5,565,1,Refrigeracion,107.54,121.22,Llano,-0.9
1436,2025-11-25 20:00:00,Centro Comercial Delta, Valencia ,Comercial,17400,13.4,77.0,0.0,1342,1,Calefaccion,277.62,0.0,Punta,74.82
323,2025-11-17 14:00:00,Torre Atlantida, Madrid ,Oficinas,12500,14.7,73.8,520.7,603,1,Ventilacion,106.4,75.47,Llano,5.33
2,2025-01-01 08:00:00,Torre Atlantida,Madrid,Oficinas,12500,0.1,87.5,0.0,0,0,Apagado,24.61,0.0,Valle,2.47
1683,2025-07-28 14:00:00,Planta Logistica R2,Zaragoza,Industrial,26000,,47.9,932.2,155,1, REFRIGERACION,189.12,243.85,Llano,-3.59
1460,2025-12-19 20:00:00,Centro Comercial Delta,Valencia,Comercial,17400,11.4,77.6,0.0,1268,1,Calefaccion,285.28,0.0,Punta,74.66
957,2025-08-09 00:00:00,Hospital Sur,Sevilla,Sanitario,21000,22.9,46.6,0.0,211,0,Apagado,171.01,0.0,Valle,17.6
1477,2025-01-05 00:00:00,Planta Logistica R2,Zaragoza,Industrial,26000,0.4,81.3,0.0,22,1,Calefaccion,98.19,0.0,Valle,10.06
1063,2025-11-21 14:00:00,Hospital Sur,Sevilla,Sanitario,21000,21.1,51.1,492.3,406,no,Apagado,200.17,87.1,Llano,19.33
184,2025-06-30 20:00:00,Torre Atlantida,Madrid,Oficinas,12500,26.9,48.7,10.0,72,Si,Refrigeracion,43.13,1.44,Punta,9.67
1242,2025-05-17 08:00:00,Centro Comercial Delta,Valencia,Comercial,17400,21.9,76.2,356.1,0,0,Apagado,33.68,48.84,Valle,-0.52
1658,2025-07-04 08:00:00,Planta Logistica R2,Zaragoza,Industrial,26000,24.3,60.5,430.1,168,1,Refrigeracion,150.53,114.26,Llano,5.38
1678,2025-07-24 08:00:00,Planta Logistica R2,Zaragoza,Industrial,26000,25.0,58.9,355.7,160,1,Refrigeracion,167.39,88.32,Llano,12.19
307,2025-11-01 14:00:00,Torre Atlantida,Madrid,Oficinas,12500,18.6,56.8,583.7,4,0,Apagado,15.72,88.37,Valle,-3.3
730,2025-12-27 08:00:00,Campus Norte,Bilbao,Educativo,8600,5.9,99.0,0.0,8,0,Apagado,13.15,0.0,Valle,1.33
1975,2025-05-13 14:00:00,Residencial Mirador,Barcelona,Residencial,9800,26.4,69.6,597.2,42,1,Refrigeracion,21.35,0.0,Llano,2.97
1010,2025-09-30 08:00:00,Hospital Sur,Sevilla,Sanitario,21000,20.3,63.2,182.8,363,0,Apagado,202.96,37.09,Llano,28.4
550,2025-06-30 08:00:00,Campus Norte,Bilbao,Educativo,8600,20.7,77.8,340.9,694,0,Apagado,76.29,26.54,Llano,7.57
1338,2025-08-21 08:00:00,Centro Comercial Delta,Valencia,Comercial,17400,21.4,67.9,250.5,130,0,Apagado,40.65,30.64,Llano,1.71
970,2025-08-21 08:00:00,Hospital Sur,Sevilla,Sanitario,21000,27.3,57.5,328.4,401,1,Refrigeracion,192.77,66.41,Llano,21.65
1360,2025-09-10 20:00:00,Centro Comercial Delta,Valencia,Comercial,17400,24.7,70.4,0.0,1360,1,Refrigeracion,291.16,0.0,Punta,75.03
1356,2025-09-06 20:00:00,Centro Comercial Delta,Valencia,Comercial,17400,22.3,67.7,0.0,1558,0,Apagado,322.4,0.0,Valle,34.92
1061,2025-11-21 00:00:00,Hospital Sur,Sevilla,Sanitario,21000,9.5,72.0,0.0,262,TRUE,Calefaccion,186.51,0.0,Valle,19.96
111,2025-04-19 14:00:00,Torre Atlantida,Madrid,Oficinas,12500,23.3,54.1,694.3,,0,Apagado,16.26,94.15,Valle,-2.71
1746,2025-09-30 08:00:00,Planta Logistica R2,Zaragoza,Industrial,26000,18.0,67.4,90.7,145,0,Apagado,228.0,23.05,Llano,36.44
889,2025-06-02 00:00:00,Hospital Sur,Sevilla,Sanitario,21000,21.3,58.9,0.0,222,0,Apagado,168.94,0.0,Valle,15.49
1870,2025-01-29 08:00:00,Residencial Mirador,Barcelona,Residencial,9800,7.7,86.0,0.0,37,1,Calefaccion,32.1,0.0,Llano,5.04
916,2025-06-26 20:00:00,Hospital Sur,Sevilla,Sanitario,21000,31.1,43.7,97.8,417,1,Refrigeracion,294.34,18.78,Punta,64.37
1984,2025-05-21 20:00:00,Residencial Mirador,Barcelona,Residencial,9800,19.8,85.0,0.0,309,0,Apagado,94.63,0.0,Punta,20.5
927,2025-07-08 14:00:00,Hospital Sur,Sevilla,Sanitario,21000,34.7,38.3,910.1,426,1,Refrigeracion,228.76,180.74,Llano,7.45
746,2025-01-09 08:00:00,Hospital Sur,Sevilla,Sanitario,21000,3.2,65.9,0.0,424,1,Calefaccion,303.23,0.0,Llano,49.18
1764,2025-10-16 20:00:00,Planta Logistica R2,Zaragoza,Industrial,26000,15.8,62.1,0.0,153,1,Ventilacion,251.12,0.0,Punta,68.76
776,2025-02-06 20:00:00,Hospital Sur,Sevilla,Sanitario,21000,10.0,81.2,0.0,395,1,Calefaccion,298.49,0.0,Punta,71.34
1674,2025-07-20 08:00:00,Planta Logistica R2,zaragoza,Industrial,26000,26.3,45.5,438.5,80,1,Refrigeracion,93.4,120.27,Valle,-1.04
1935,2025-04-03 14:00:00,Residencial Mirador,Barcelona,Residencial,9800,19.6,87.0,665.7,77,0,Apagado,18.48,0.0,Llano,2.54
578,2025-07-28 08:00:00,Campus Norte,Bilbao,Educativo,8600,18.2,65.9,389.7,0,0,Apagado,7.54,29.55,Llano,-1.37
1458,2025-12-19 08:00:00,Centro Comercial Delta,Valencia,Comercial,17400,9.2,87.8,0.0,87,0,Apagado,51.54,0.0,Llano,8.56
1188,2025-03-22 20:00:00,Centro Comercial Delta,Valencia,Comercial,17400,15.7,83.3,0.0,1611,1,Ventilacion,308.82,0.0,Valle,26.74
264,2025-09-18 20:00:00,Torre Atlantida,Madrid,Oficinas,12500,17.7,49.6,0.0,80,0,Apagado,39.55,0.0,Punta,10.09
1256,2025-05-29 20:00:00,Centro Comercial Delta,Valencia,Comercial,17400,25.1,58.9,54.3,1432,TRUE,Refrigeracion,307.86,7.02,Punta,67.09
303,2025-10-28 14:00:00,Torre Atlantida,Madrid,Oficinas,12500,18.2,59.6,568.1,566,No,Apagado,101.67,86.02,Llano,
928,2025-07-08 20:00:00,Hospital Sur,Sevilla,Sanitario,21000,29.5,65.5,27.1,459,1,Refrigeracion,286.23,5.43,Punta,66.13
1200,2025-04-03 20:00:00,Centro Comercial Delta,Valencia,Comercial,17400,16.9,61.3,0.0,1231,0,Apagado,265.19,0.0,Punta,55.82
1875,2025-02-02 14:00:00,Residencial Mirador,Barcelona,Residencial,9800,12.7,96.3,340.8,108,1,Calefaccion,30.73,0.0,Valle,2.81
150,2025-05-29 08:00:00,Torre Atlantida,Madrid,Oficinas,12500,20.1,56.7,431.1,369,0,Apagado,69.02,61.91,Llano,0.97
1447,2025-12-07 14:00:00,Centro Comercial Delta,Valencia,Comercial,17400,14.6,69.8,498.8,1624,TRUE,Ventilacion,238.65,58.03,Valle,19.11
1745,2025-09-30 00:00:00,Planta Logistica R2,Zaragoza,Industrial,26000,13.3,62.0,0.0,,1,Calefaccion,108.86,0.0,Valle,11.93
72,2025-03-10 20:00:00,Torre Atlantida,Madrid,Oficinas,12500,11.0,58.6,0.0,83,1,Calefaccion,42.81,0.0,Punta,9.56
1193,2025-03-30 00:00:00,Centro Comercial Delta,Valencia,Comercial,17400,11.9,80.2,0.0,25,1,Calefaccion,56.23,0.0,Valle,4.9
456,2025-03-26 20:00:00,Campus Norte,Bilbao,Educativo,8600,13.3,75.1,0.0,113,1,Calefaccion,26.35,0.0,Punta,5.73
90,2025-03-30 08:00:00,Torre Atlantida,Madrid,Oficinas,12500,8.9,66.5,156.2,78,0,Apagado,21.54,25.08,Valle,-0.12
118,2025-04-27 08:00:00,Torre Atlantida,Madrid,Oficinas,12500,13.1,66.5,239.1,56,0,Apagado,18.78,34.1,Valle,-0.52
1992,2025-05-29 20:00:00,Residencial Mirador,Barcelona,Residencial,9800,22.6,68.0,61.6,307,0,Apagado,96.83,0.0,Punta,21.1
322,2025-11-17 08:00:00,Torre Atlantida,Madrid,Oficinas,12500,6.8,76.0,0.0,333,1,Calefaccion,107.37,0.0,Llano,18.74
975,2025-08-25 14:00:00,Hospital Sur,Sevilla,Sanitario,21000,34.5,55.1,802.2,361,1,Refrigeracion,231.84,162.44,Llano,11.49
1958,2025-04-27 08:00:00,Residencial Mirador,Barcelona,Residencial,9800,14.6,71.6,249.8,121,1,Ventilacion,28.45,0.0,Valle,2.57
460,2025-03-30 20:00:00,Campus Norte,Bilbao,Educativo,8600,12.6,92.6,0.0,21,0,Apagado,13.1,0.0,Valle,1.11
125,2025-05-05 00:00:00,Torre Atlantida,Madrid,Oficinas,12500,9.8,60.1,0.0,48,0,Apagado,28.63,0.0,Valle,2.42
1811,2025-12-03 14:00:00,Planta Logistica R2,Zaragoza,Industrial,26000,13.8,81.6,284.4,171,1,Calefaccion,155.03,79.96,Llano,13.02
1598,2025-05-05 08:00:00,Planta Logistica R2,Zaragoza,Industrial,26000,17.6,54.1,325.1,161,0,Apagado,145.11,88.94,Llano,7.63
242,2025-08-29 08:00:00,Torre Atlantida,Madrid,Oficinas,12500,21.3,46.4,264.4,358,No,Apagado,70.73,41.97,Llano,4.87
699,2025-11-25 14:00:00,Campus Norte,Bilbao,Educativo,8600,14.9,95.0,324.2,805,Si,Ventilacion,72.9,26.63,Llano,7.78
842,2025-04-15 08:00:00,Hospital Sur,Sevilla,Sanitario,21000,16.7,64.3,244.7,450,0,Apagado,186.35,49.08,Llano,18.74
1788,2025-11-09 20:00:00,Planta Logistica R2,Zaragoza,Industrial,26000,14.5,76.1,0.0,79,1,Ventilacion,129.47,0.0,Valle,14.05
703,2025-11-29 14:00:00,Campus Norte,Bilbao,Educativo,8600,16.7,90.0,278.1,0,0,Apagado,7.66,20.48,Valle,-0.55
1872,2025-01-29 20:00:00,Residencial Mirador,Barcelona,Residencial,9800,16.7,87.4,0.0,291,0,Apagado,93.94,0.0,Punta,22.51
585,2025-08-05 00:00:00,Campus Norte,Bilbao,Educativo,8600,17.2,82.2,0.0,78,0,Apagado,17.25,0.0,Valle,1.72
980,2025-08-29 20:00:00,Hospital Sur,Sevilla,Sanitario,21000,28.5,58.1,0.0,385,1,Refrigeracion,268.99,0.0,Punta,68.75
693,2025-11-21 00:00:00,Campus Norte,Bilbao,Educativo,8600,7.9,99.0,0.0,89,1,Calefaccion,26.16,0.0,Valle,2.71
271,2025-09-26 14:00:00,Torre Atlantida,Madrid,Oficinas,12500,24.4,61.2,536.5,603,1,Refrigeracion,111.67,82.1,Llano,4.92
1136,2025-01-29 20:00:00,Centro Comercial Delta,Valencia,Comercial,17400,11.6,82.3,0.0,1304,1,Calefaccion,269.06,0.0,Punta,63.69
596,2025-08-13 20:00:00,Campus Norte,Bilbao,Educativo,8600,21.2,76.0,0.0,0,0,Apagado,11.66,0.0,Punta,2.99
786,2025-02-18 08:00:00,Hospital Sur,Sevilla,Sanitario,21000,10.5,63.2,19.7,427,1,Calefaccion,286.2,3.89,Llano,40.68
1541,2025-03-10 00:00:00,Planta Logistica R2,Zaragoza,Industrial,26000,8.1,69.0,0.0,41,1,Calefaccion,117.43,0.0,Valle,10.37
1251,2025-05-25 14:00:00,Centro Comercial Delta,Valencia,Comercial,17400,28.3,67.0,659.7,1558,1,Refrigeracion,237.08,77.36,Valle,14.22
497,2025-05-09 00:00:00,Campus Norte,Bilbao,Educativo,8600,12.6,81.8,0.0,91,1,Calefaccion,25.39,0.0,Valle,2.32
1523,2025-02-18 14:00:00,Planta Logistica R2,Zaragoza,Industrial,26000,13.7,64.3,378.0,179,1,Calefaccion,158.9,110.86,Llano,7.21
221,2025-08-09 00:00:00,Torre Atlantida,Madrid,Oficinas,12500,18.5,48.8,0.0,0,0,Apagado,25.24,0.0,Valle,2.55
405,2025-02-06 00:00:00,Campus Norte,Bilbao,Educativo,8600,6.6,99.0,0.0,87,1,Calefaccion,28.39,0.0,Valle,2.63
1220,2025-04-23 20:00:00,Centro Comercial Delta,Valencia,Comercial,17400,20.0,74.7,0.0,1255,0,Apagado,264.52,0.0,Punta,57.37
1361,2025-09-14 00:00:00,Centro Comercial Delta,Valencia,Comercial,17400,21.5,70.4,0.0,38,0,Apagado,50.51,0.0,Valle,5.48
878,2025-05-21 08:00:00,Hospital Sur,Sevilla,Sanitario,21000,25.6,45.3,378.4,410,1,Refrigeracion,199.68,72.95,Llano,17.59
921,2025-07-04 00:00:00,Hospital Sur,Sevilla,Sanitario,21000,22.8,,0.0,160,0,Apagado,171.44,0.0,Valle,15.89
1783,2025-11-05 14:00:00,Planta Logistica R2,Zaragoza,Industrial,26000,21.3,48.9,550.5,169,0,Apagado,154.17,138.09,Llano,2.78
985,2025-09-06 00:00:00,Hospital Sur,Sevilla,Sanitario,21000,16.7,54.8,0.0,232,0,Apagado,168.41,0.0,Valle,18.02
2170,2025-11-25 08:00:00,Residencial Mirador,Barcelona,Residencial,9800,10.6,87.6,0.0,74,1,Calefaccion,33.53,0.0,Llano,5.69
1879,2025-02-06 14:00:00,Residencial Mirador,Barcelona,Residencial,9800,14.2,87.8,424.4,80,1,Calefaccion,20.61,0.0,Llano,3.2
1162,2025-02-26 08:00:00,Centro Comercial Delta,Valencia,Comercial,17400,12.0,83.9,29.6,,0, APAGADO,46.21,3.9,Llano,6.26
313,2025-11-09 00:00:00,Torre Atlantida,Madrid,Oficinas,12500,4.1,75.6,0.0,0,0,Apagado,24.3,0.0,Valle,2.67
1553,2025-03-22 00:00:00,Planta Logistica R2,Zaragoza,Industrial,26000,4.6,82.7,0.0,19,TRUE,Calefaccion,82.02,0.0,Valle,7.16
1990,2025-05-29 08:00:00,Residencial Mirador,Barcelona,Residencial,9800,19.1,75.4,358.4,71,0,Apagado,18.09,0.0,Llano,2.67
508,2025-05-17 20:00:00,Campus Norte,Bilbao,Educativo,8600,19.3,87.4,21.5,0,0,Apagado,11.82,1.73,Valle,0.88
1728,2025-09-10 20:00:00,Planta Logistica R2,Zaragoza,Industrial,26000,22.2,44.7,0.0,175,0,Apagado,243.67,0.0,Punta,66.4
394,2025-01-25 08:00:00,Campus Norte,bilbao,Educativo,8600,8.7,94.6,0.0,0,no,Apagado,11.82,0.0,Valle,1.16
1407,2025-10-28 14:00:00,Centro Comercial Delta,Valencia,Comercial,17400,21.9,67.4,,1471,0,Apagado,199.79,73.7,Llano,21.98
1652,2025-06-26 20:00:00,Planta Logistica R2,Zaragoza,Industrial,26000,28.2,50.6,61.0,-1,1,Refrigeracion,269.93,16.11,Punta,56.37
410,2025-02-10 08:00:00,Campus Norte,Bilbao,Educativo,8600,-999.0,99.0,6.9,793,1,Calefaccion,117.89,0.53,Llano,17.63
678,2025-11-05 08:00:00,Campus Norte,Bilbao,Educativo,8600,12.9,77.5,0.0,872,1,Calefaccion,125.79,0.0,Llano,22.43
953,2025-08-05 00:00:00,Hospital Sur,Sevilla,Sanitario,21000,20.3,58.1,0.0,203,0,Apagado,166.61,0.0,Valle,16.86
2165,2025-11-21 00:00:00,Residencial Mirador,Barcelona,Residencial,9800,10.3,92.9,0.0,287,1,Calefaccion,95.46,0.0,Valle,10.16
329,2025-11-25 00:00:00,Torre Atlantida,Madrid,Oficinas,12500,0.7,85.3,0.0,4,0,Apagado,23.24,0.0,Valle,2.54
1037,2025-10-28 00:00:00,Hospital Sur,Sevilla,Sanitario,21000,14.3,79.6,0.0,263,1,Calefaccion,186.78,0.0,Valle,20.47
86,2025-03-26 08:00:00,Torre Atlantida,Madrid,Oficinas,12500,6.5,69.7,200.4,407,1,Calefaccion,75.18,29.57,Llano,6.22
84,2025-03-22 20:00:00,Torre Atlantida,Madrid,Oficinas,12500,12.1,73.2,0.0,0,0,Apagado,26.18,0.0,Valle,2.3
207,2025-07-24 14:00:00,Torre Atlantida,Madrid,Oficinas,12500,30.8,41.4,877.0,591,1,Refrigeracion,106.05,126.66,Llano,-1.31
104,2025-04-11 20:00:00,Torre Atlantida,Madrid,Oficinas,12500,15.1,68.0,0.0,63,1,Ventilacion,39.42,0.0,Punta,8.44
1334,2025-08-17 08:00:00,Centro Comercial Delta,Valencia,Comercial,17400,22.1,116.2,348.5,0,0,Apagado,34.4,44.4,Valle,-0.41
1219,2025-04-23 14:00:00,Centro Comercial Delta,Valencia,Comercial,17400,23.4,65.1,708.8,1350,1,Ventilacion,206.03,87.17,Llano,16.51
735,2025-12-31 14:00:00,Campus Norte,Bilbao,Educativo,8600,13.6,89.3,270.4,0,0,Apagado,7.67,19.78,Llano,-0.77
1690,2025-08-05 08:00:00,Planta Logistica R2,Zaragoza,Industrial,26000,25.1,50.0,320.7,164,1,Refrigeracion,154.52,81.69,Llano,11.57
1205,2025-04-11 00:00:00,Centro Comercial Delta,Valencia,Comercial,17400,12.4,74.9,0.0,0,0,Apagado,43.82,0.0,Valle,3.79
695,2025-11-21 14:00:00,Campus Norte,Bilbao,Educativo,8600,13.1,99.0,233.1,755,1,Calefaccion,82.83,17.36,Llano,11.23
1190,2025-03-26 08:00:00,Centro Comercial Delta,Valencia,Comercial,17400,14.9,93.6,100.0,174,0,Apagado,57.8,12.86,Llano,6.09
498,2025-05-09 08:00:00,Campus Norte,Bilbao,Educativo,8600,16.1,78.9,270.4,776,0,Apagado,83.78,19.72,Llano,9.25
1341,2025-08-25 00:00:00,Centro Comercial Delta,Valencia,Comercial,17400,21.4,66.9,0.0,0,0,Apagado,44.3,0.0,Valle,4.72
1166,2025-03-02 08:00:00,Centro Comercial Delta,Valencia,Comercial,17400,10.0,82.3,91.9,54,1,Calefaccion,64.03,10.5,Valle,4.82
1349,2025-09-02 00:00:00,Centro Comercial Delta,Valencia,Comercial,17400,20.6,66.4,0.0,62,0,Apagado,51.49,0.0,Valle,5.43
328,2025-11-21 20:00:00,Torre Atlantida,Madrid,Oficinas,12500,10.1,70.9,0.0,91,1,Calefaccion,43.1,0.0,Punta,11.53
831,2025-04-03 14:00:00,Hospital Sur,Sevilla,Sanitario,21000,23.1,61.2,704.3,417,1,Ventilacion,195.78,134.31,Llano,8.55
661,2025-10-20 00:00:00,Campus Norte, Bilbao ,Educativo,8600,11.8,99.0,0.0,69,1,Calefaccion,270.09,0.0,Valle,2.89
347,2025-12-11 14:00:00,Torre Atlantida,Madrid,Oficinas,12500,11.9,59.9,574.7,552,1,Calefaccion,111.35,85.81,Llano,4.35
211,2025-07-28 14:00:00,Torre Atlantida,Madrid,Oficinas,12500,30.2,44.9,847.9,573,1,Refrigeracion,106.01,125.7,Llano,-1.24
568,2025-07-16 20:00:00,Campus Norte,Bilbao,Educativo,8600,23.4,82.7,50.2,0,No,Apagado,13.01,3.48,Punta,2.24
143,2025-05-21 14:00:00,Torre Atlantida,Madrid,Oficinas,12500,25.2,51.4,821.5,581,1,Refrigeracion,96.26,117.91,Llano,-1.2
515,2025-05-25 14:00:00,Campus Norte,Bilbao,Educativo,8600,20.8,82.5,809.6,,0,Apagado,9.24,61.81,Valle,-1.79
1387,2025-10-08 14:00:00,Centro Comercial Delta,Valencia,Comercial,17400,22.3,77.6,552.2,1199,0,Apagado,193.99,65.96,Llano,22.53
1029,2025-10-20 00:00:00,Hospital Sur,Sevilla,Sanitario,21000,14.3,69.5,0.0,200,1,Calefaccion,168.28,0.0,Valle,18.36
1069,2025-11-29 00:00:00,Hospital Sur,Sevilla,Sanitario,21000,4.8,69.8,0.0,237,1,Calefaccion,194.47,0.0,Valle,20.96
865,2025-05-09 00:00:00,Hospital Sur,Sevilla,Sanitario,21000,17.2,65.8,0.0,216,0,Apagado,177.25,0.0,Valle,15.21
1306,2025-07-20 08:00:00,Centro Comercial Delta,Valencia,Comercial,17400,25.8,47.9,452.8,3,1,Refrigeracion,44.43,54.1,Valle,-0.39
892,2025-06-02 20:00:00,Hospital Sur,Sevilla,Sanitario,21000,29.2,56.9,53.1,444,1,Refrigeracion,308.17,9.95,Punta,64.74
1227,2025-05-01 14:00:00,Centro Comercial Delta,Valencia,Comercial,17400,20.1,75.3,535.8,1312,No,Apagado,195.87,66.42,Valle,11.34
815,2025-03-18 14:00:00,Hospital Sur,Sevilla,Sanitario,21000,21.4,71.4,489.3,402,0,Apagado,187.67,102.93,Llano,11.65
1860,2025-01-17 20:00:00,Residencial Mirador,Barcelona,Residencial,9800,8.7,81.6,0.0,284,1,Calefaccion,97.93,0.0,Punta,24.03
1383,2025-10-04 14:00:00,Centro Comercial Delta,Valencia,Comercial,17400,25.6,77.0,564.7,1541,1,Refrigeracion,224.3,73.93,Valle,16.87
564,2025-07-12 20:00:00,Campus Norte,Bilbao,Educativo,8600,20.6,72.2,45.5,0,0,Apagado,12.32,3.42,Valle,0.88
1779,2025-11-01 14:00:00,Planta Logistica R2,Zaragoza,Industrial,26000,15.9,67.1,583.1,3,0,Apagado,31.0,159.51,Valle,-5.53
372,2025-01-01 20:00:00,Campus Norte,Bilbao,Educativo,8600,8.6,90.8,0.0,0,0,Apagado,12.78,0.0,Valle,1.29
1182,2025-03-18 08:00:00,Centro Comercial Delta,Valencia,Comercial,17400,12.1,76.8,143.0,43,0,Apagado,32.52,17.71,Llano,2.11
1012,2025-09-30 20:00:00,Hospital Sur,Sevilla,Sanitario,21000,23.6,48.2,0.0,416,1,Ventilacion,288.23,0.0,Punta,76.78
1304,2025-07-16 20:00:00,Centro Comercial Delta,Valencia,Comercial,17400,25.3,61.2,73.6,1449,1,Refrigeracion,,9.61,Punta,65.86
891,2025-06-02 14:00:00,Hospital Sur,Sevilla,Sanitario,21000,34.2,36.7,776.2,443,1,Refrigeracion,228.83,143.18,Llano,11.94
2015,2025-06-22 14:00:00,Residencial Mirador,Barcelona,Residencial,9800,30.3,61.4,793.5,111,1,Refrigeracion,35.97,0.0,Valle,3.35
1262,2025-06-06 08:00:00,Centro Comercial Delta,Valencia,Comercial,17400,22.1,62.4,408.3,0,0,Apagado,32.22,53.76,Llano,-1.27
1950,2025-04-19 08:00:00,Residencial Mirador,Barcelona,Residencial,9800,17.0,83.6,212.7,109,0,Apagado,25.86,0.0,Valle,2.21
684,2025-11-09 20:00:00,Campus Norte,Bilbao,Educativo,8600,12.8,89.1,0.0,15,0,Apagado,14.09,0.0,Valle,1.53
1298,2025-07-12 08:00:00,Centro Comercial Delta,Valencia,Comercial,17400,22.8,79.7,339.1,90,0,Apagado,38.33,44.54,Valle,-0.25
1413,2025-11-05 00:00:00,Centro Comercial Delta,Valencia,Comercial,17400,11.8,76.9,0.0,201,0,Apagado,57.23,0.0,Valle,6.24
633,2025-09-22 00:00:00,Campus Norte,Bilbao,Educativo,8600,16.7,93.4,0.0,56,0,Apagado,23.5,0.0,Valle,2.52
195,2025-07-12 14:00:00,Torre Atlantida,Madrid,Oficinas,12500,32.1,42.0,934.5,34,0,Apagado,16.4,139.0,Valle,-4.72
514,2025-05-25 08:00:00,Campus Norte,Bilbao,Educativo,8600,19.4,76.6,295.6,,FALSE,Apagado,13.41,23.16,Valle,-0.33
1639,2025-06-14 14:00:00,Planta Logistica R2,Zaragoza,Industrial,26000,29.7,50.7,810.8,88,TRUE,Refrigeracion,101.1,212.82,Valle,-3.95
1456,2025-12-15 20:00:00,Centro Comercial Delta,Valencia,Comercial,17400,13.0,,0.0,1412,1,Calefaccion,278.2,0.0,Punta,70.05
1699,2025-08-13 14:00:00,Planta Logistica R2,Zaragoza,Industrial,26000,32.1,66.7,668.1,159,1,Refrigeracion,180.86,157.53,Llano,3.82
2063,2025-08-09 14:00:00,Residencial Mirador,Barcelona,Residencial,9800,27.6,58.9,685.7,147,1,Refrigeracion,32.06,0.0,Valle,3.21
210,2025-07-28 08:00:00,Torre Atlantida,Madrid,Oficinas,12500,21.7,59.2,391.8,333,0,Apagado,64.01,60.24,Llano,0.6
1001,2025-09-22 00:00:00,Hospital Sur,Sevilla,Sanitario,21000,21.1,60.4,0.0,212,0,Apagado,183.38,0.0,Valle,20.15
1187,2025-03-22 14:00:00,Centro Comercial Delta,Valencia,Comercial,17400,15.0,81.0,498.8,1557,1,Ventilacion,225.58,65.15,Valle,14.12
636,2025-09-22 20:00:00,Campus Norte,Bilbao,Educativo,8600,16.5,73.8,0.0,14,0,Apagado,18.42,0.0,Punta,4.96
2012,2025-06-18 20:00:00,Residencial Mirador,Barcelona,Residencial,9800,25.0,79.6,61.7,306,1,Refrigeracion,96.93,0.0,Punta,21.37
1535,2025-03-02 14:00:00,Planta Logistica R2,Zaragoza,Industrial,26000,14.5,78.6,422.2,75,1,Ventilacion,83.4,114.21,Valle,-1.08
88,2025-03-26 20:00:00,Torre Atlantida,Madrid,Oficinas,12500,11.5,70.7,0.0,49,1,Calefaccion,41.03,0.0,Punta,8.91
1370,2025-09-22 08:00:00,Centro Comercial Delta,Valencia,Comercial,17400,19.5,62.6,213.3,,0,Apagado,44.14,27.36,Llano,2.98
1926,2025-03-26 08:00:00,Residencial Mirador,Barcelona,Residencial,9800,13.4,86.9,113.1,47,1,Calefaccion,34.33,0.0,Llano,4.79
910,2025-06-22 08:00:00,Hospital Sur,Sevilla,Sanitario,21000,27.1,43.6,451.1,443,1,Refrigeracion,209.37,91.72,Valle,10.98
1742,2025-09-26 08:00:00,Planta Logistica R2,Zaragoza,Industrial,26000,20.2,49.3,170.9,,0,Apagado,154.73,44.92,Llano,18.44
191,2025-07-08 14:00:00,Torre Atlantida,Madrid,Oficinas,12500,34.9,34.7,950.0,587,1,Refrigeracion,123.43,141.73,Llano,-1.13
1777,2025-11-01 00:00:00,Planta Logistica R2,Zaragoza,Industrial,26000,6.6,67.2,0.0,0,0,Apagado,49.12,0.0,Valle,5.11
179,2025-06-26 14:00:00,Torre Atlantida,Madrid,Oficinas,12500,26.2,48.5,,579,1,Refrigeracion,113.29,109.2,Llano,0.61
557,2025-07-08 00:00:00,Campus Norte,Bilbao,Educativo,8600,19.7,84.6,0.0,0,0,Apagado,12.08,0.0,Valle,1.15
1866,2025-01-25 08:00:00,Residencial Mirador,Barcelona,Residencial,9800,5.8,93.9,0.0,115,1,Calefaccion,50.32,0.0,Valle,4.98
1417,2025-11-09 00:00:00,Centro Comercial Delta,Valencia,Comercial,17400,11.8,97.1,0.0,0,1,Calefaccion,54.66,0.0,Valle,5.96
1354,2025-09-06 08:00:00,Centro Comercial Delta, Valencia ,Comercial,17400,-999.0,,231.7,18,0,Apagado,37.98,25.76,Valle,1.34
2115,2025-09-30 14:00:00,Residencial Mirador,Barcelona,Residencial,9800,24.1,65.8,636.0,83,1, REFRIGERACION,21.11,0.0,Llano,3.65
1840,2025-12-31 20:00:00,Planta Logistica R2,Zaragoza,Industrial,26000,9.7,83.3,0.0,179,1,Calefaccion,287.09,0.0,Punta,73.84
745,2025-01-09 00:00:00,Hospital Sur,Sevilla,Sanitario,21000,4.0,72.5,0.0,215,1,Calefaccion,201.84,0.0,Valle,
1962,2025-05-01 08:00:00,Residencial Mirador,Barcelona,Residencial,9800,19.8,77.2,261.2,124,0,Apagado,25.72,0.0,Valle,2.23
1129,2025-01-25 00:00:00,Centro Comercial Delta,Valencia,Comercial,17400,9.1,99.0,0.0,87,1,Calefaccion,54.74,0.0,Valle,5.22
1825,2025-12-19 00:00:00,Planta Logistica R2,ZARAGOZA,Industrial,26000,-0.5,83.5,0.0,41,1,Calefaccion,135.52,0.0,Valle,13.9
1098,2025-12-27 08:00:00,Hospital Sur,Sevilla,Sanitario,21000,8.1,91.2,0.0,401,1,Calefaccion,265.93,0.0,Valle,26.86
512,2025-05-21 20:00:00,Campus Norte,Bilbao,Educativo,8600,20.5,66.1,53.8,49,0,Apagado,20.24,4.07,Punta,3.47
1939,2025-04-07 14:00:00,Residencial Mirador,Barcelona,Residencial,9800,24.8,68.9,470.5,77,1,Refrigeracion,22.62,0.0,Llano,3.19
1464,2025-12-23 20:00:00,Centro Comercial Delta,Valencia,Comercial,17400,10.7,84.7,0.0,1380,si,Calefaccion,274.54,0.0,Punta,71.0
2044,2025-07-20 20:00:00,Residencial Mirador,Barcelona,Residencial,9800,23.4,76.4,73.3,-18,1,Ventilacion,96.22,0.0,Valle,9.71
1753,2025-10-08 00:00:00,Planta Logistica R2,Zaragoza,Industrial,26000,15.4,72.1,0.0,52,1,Ventilacion,114.77,0.0,Valle,12.6
472,2025-04-11 20:00:00,Campus Norte,Bilbao,Educativo,8600,13.0,90.1,0.0,191,1,Calefaccion,31.17,0.0,Punta,6.63
399,2025-01-29 14:00:00,Campus Norte,Bilbao,Educativo,8600,11.9,90.1,365.4,-6,1,Calefaccion,88.27,28.48,Llano,8.93
1896,2025-02-22 20:00:00,Residencial Mirador,Barcelona,Residencial,9800,12.4,84.3,0.0,327,1,Calefaccion,105.39,0.0,Valle,9.66
36,2025-02-02 20:00:00,Torre Atlantida,Madrid,Oficinas,12500,5.7,72.4,0.0,0,0,Apagado,23.01,0.0,Valle,2.23
206,2025-07-24 08:00:00,Torre Atlantida,Madrid,Oficinas,12500,25.7,42.1,464.6,343,1,Refrigeracion,69.83,70.85,Llano,-0.07
609,2025-08-29 00:00:00,Campus Norte, Bilbao,Educativo,8600,17.8,85.3,0.0,10,0,Apagado,12.41,0.0,Valle,1.33
253,2025-09-10 00:00:00,Torre Atlantida,Madrid,Oficinas,12500,14.4,52.8,0.0,31,0,Apagado,24.07,0.0,Valle,2.59
1846,2025-01-05 08:00:00,Residencial Mirador,Barcelona,Residencial,9800,8.0,87.8,0.0,96,1,Calefaccion,49.42,0.0,Valle,5.02
1068,2025-11-25 20:00:00,Hospital Sur,Sevilla,Sanitario,21000,14.4,70.7,0.0,412,1,Calefaccion,288.58,0.0,Punta,75.03
1286,2025-06-30 08:00:00,Centro Comercial Delta,Valencia,Comercial,17400,24.2,70.0,465.1,91,no,Apagado,34.22,55.96,Llano,-1.37
1173,2025-03-10 00:00:00,Centro Comercial Delta,Valencia,Comercial,17400,-999.0,87.6,0.0,0,0,Apagado,51.41,0.0,Valle,4.69
430,2025-03-02 08:00:00,Campus Norte,Bilbao,Educativo,8600,8.2,96.1,44.2,0,0,Apagado,12.72,3.83,Valle,0.81
2031,2025-07-08 14:00:00,Residencial Mirador,Barcelona,Residencial,9800,26.7,66.0,956.5,71,1,Refrigeracion,21.18,0.0,Llano,3.26
229,2025-08-17 00:00:00,Torre Atlantida,Madrid,Oficinas,12500,17.8,44.0,0.0,36,0,Apagado,24.78,0.0,Valle,2.53
1004,2025-09-22 20:00:00,Hospital Sur,Sevilla,Sanitario,21000,23.9,59.1,0.0,403,1,Ventilacion,299.81,0.0,Punta,80.98
1749,2025-10-04 00:00:00,Planta Logistica R2,Zaragoza,Industrial,26000,12.5,57.3,0.0,,TRUE,Calefaccion,78.57,0.0,Valle,8.8
1030,2025-10-20 08:00:00,Hospital Sur,Sevilla,Sanitario,21000,15.3,,74.3,412,1, VENTILACION,304.7,15.17,Llano,51.68
2207,2025-12-31 14:00:00,Residencial Mirador,Barcelona,Residencial,9800,11.8,93.7,317.1,77,1,Calefaccion,21.08,0.0,Llano,3.37
1645,2025-06-22 00:00:00,Planta Logistica R2,Zaragoza,Industrial,26000,18.2,59.5,0.0,3,0,Apagado,73.84,0.0,Valle,6.81
1584,2025-04-19 20:00:00,Planta Logistica R2,Zaragoza,Industrial,26000,17.2,67.0,0.0,64,FALSE,Apagado,115.96,0.0,Valle,10.13
2124,2025-10-08 20:00:00,Residencial Mirador,Barcelona,Residencial,9800,16.0,84.2,0.0,330,0,Apagado,98.13,0.0,Punta,26.98
1610,2025-05-17 08:00:00,Planta Logistica R2,Zaragoza,Industrial,26000,19.8,59.3,407.6,51,0,Apagado,79.01,106.12,Valle,-0.91
728,2025-12-23 20:00:00,Campus Norte,Bilbao,Educativo,8600,9.9,,0.0,8,0,Apagado,13.55,0.0,Punta,3.42
319,2025-11-13 14:00:00,Torre Atlantida,Madrid,Oficinas,12500,15.4,61.3,485.1,625,1,Ventilacion,105.02,72.9,Llano,5.65
630,2025-09-18 08:00:00,Campus Norte,Bilbao,Educativo,8600,17.8,81.3,108.9,847,0,Apagado,111.74,7.91,Llano,17.17
926,2025-07-08 08:00:00,Hospital Sur,Sevilla,Sanitario,21000,28.0,52.2,378.7,393,1,Refrigeracion,217.85,73.66,Llano,22.12
894,2025-06-06 08:00:00,Hospital Sur,Sevilla,Sanitario,21000,27.5,49.9,410.1,422,1,Refrigeracion,210.51,73.31,Llano,19.78
1020,2025-10-08 20:00:00,Hospital Sur,Sevilla,Sanitario,21000,22.3,64.2,0.0,388,FALSE,Apagado,301.01,0.0,Punta,79.44
2150,2025-11-05 08:00:00,Residencial Mirador,Barcelona,Residencial,9800,13.8,74.0,23.7,44,1,Calefaccion,30.49,0.0,Llano,5.38
35,2025-02-02 14:00:00,Torre Atlantida,Madrid,Oficinas,12500,10.9,82.1,283.6,,0,Apagado,18.7,40.93,Valle,-0.82
1337,2025-08-21 00:00:00,Centro Comercial Delta,Valencia,Comercial,17400,22.0,70.9,0.0,92,0,Apagado,53.32,0.0,Valle,5.81
1787,2025-11-09 14:00:00,Planta Logistica R2,Zaragoza,Industrial,26000,16.0,57.4,411.7,58,0,Apagado,84.1,107.2,Valle,-1.02
76,2025-03-14 20:00:00,Torre Atlantida,Madrid,Oficinas,12500,13.6,66.5,0.0,91,1,Calefaccion,44.01,0.0,Punta,9.49
174,2025-06-22 08:00:00,Torre Atlantida,Madrid,Oficinas,12500,28.0,58.9,426.5,74,0,Apagado,20.97,69.05,Valle,-1.75
1119,2025-01-13 14:00:00,Centro Comercial Delta,Valencia,Comercial,17400,15.5,77.1,315.1,1429,1,Ventilacion,221.62,43.34,Llano,28.56
1076,2025-12-03 20:00:00,Hospital Sur,Sevilla,Sanitario,21000,12.8,63.0,0.0,403,1,Calefaccion,299.84,0.0,Punta,75.41
1576,2025-04-11 20:00:00,Planta Logistica R2,Zaragoza,Industrial,26000,18.0,73.0,0.0,161,0,Apagado,239.76,0.0,Punta,49.25
1985,2025-05-25 00:00:00,Residencial Mirador,Barcelona,Residencial,9800,17.1,69.6,0.0,315,0,Apagado,99.19,0.0,Valle,8.44
1813,2025-12-07 00:00:00,Planta Logistica R2,Zaragoza,Industrial,26000,4.1,77.2,0.0,21,1,Calefaccion,97.37,0.0,Valle,10.18
459,2025-03-30 14:00:00,Campus Norte,Bilbao,Educativo,8600,14.0,89.9,367.5,19,0,Apagado,8.96,27.14,Valle,-0.63
1444,2025-12-03 20:00:00,Centro Comercial Delta,Valencia,Comercial,17400,13.1,88.2,0.0,1435,1,Calefaccion,289.33,0.0,Punta,73.72
930,2025-07-12 08:00:00,Hospital Sur,Sevilla,Sanitario,21000,27.4,48.1,468.9,396,1,Refrigeracion,213.54,87.59,Valle,12.31
748,2025-01-09 20:00:00,Hospital Sur,Sevilla,Sanitario,21000,10.8,71.6,0.0,382,1,Calefaccion,272.86,0.0,Punta,67.51
1245,2025-05-21 00:00:00,Centro Comercial Delta,Valencia,Comercial,17400,21.4,63.6,0.0,67,0,Apagado,51.22,0.0,Valle,4.55
923,2025-07-04 14:00:00,Hospital Sur,Sevilla,Sanitario,21000,36.1,47.3,922.3,407,1,Refrigeracion,240.84,177.18,Llano,9.52
509,2025-05-21 00:00:00,Campus Norte,Bilbao,Educativo,8600,18.5,87.8,0.0,67,0,Apagado,20.34,0.0,Valle,1.83
711,2025-12-07 14:00:00,Campus Norte,Bilbao,Educativo,8600,13.6,94.2,286.7,66,0,Apagado,12.14,21.32,Valle,-0.38
2078,2025-08-25 08:00:00,Residencial Mirador,Barcelona,Residencial,9800,17.6,79.0,237.8,62,0,Apagado,17.82,0.0,Llano,2.96
608,2025-08-25 20:00:00,Campus Norte,Bilbao,Educativo,8600,19.9,76.7,0.0,56,0,Apagado,15.35,0.0,Punta,3.93
388,2025-01-17 20:00:00,Campus Norte,BILBAO,Educativo,8600,8.1,88.6,0.0,116,1,Calefaccion,29.83,0.0,Punta,7.28
1118,2025-01-13 08:00:00,Centro Comercial Delta,Valencia,Comercial,17400,10.4,89.9,0.0,93,0,Apagado,54.08,0.0,Llano,8.34
868,2025-05-09 20:00:00,Hospital Sur,Sevilla,Sanitario,21000,24.0,63.9,0.0,386,1,Ventilacion,288.49,0.0,Punta,60.61
752,2025-01-13 20:00:00,Hospital Sur,Sevilla,Sanitario,21000,11.8,78.4,0.0,420,1,Calefaccion,261.09,0.0,Punta,63.03
912,2025-06-22 20:00:00,Hospital Sur,Sevilla,Sanitario,21000,27.5,49.5,76.5,385,1,Refrigeracion,314.75,13.92,Valle,27.41
1911,2025-03-10 14:00:00,Residencial Mirador,Barcelona,Residencial,9800,13.7,85.2,364.2,65,1,Calefaccion,20.83,0.0,Llano,2.86
1676,2025-07-20 20:00:00,Planta Logistica R2,Zaragoza,Industrial,26000,28.6,42.0,67.0,71,1,Refrigeracion,152.77,18.86,Valle,13.71
149,2025-05-29 00:00:00,Torre Atlantida,Madrid,Oficinas,12500,17.1,,0.0,22,0,Apagado,23.83,0.0,Valle,2.08
754,2025-01-17 08:00:00,Hospital Sur,Sevilla,Sanitario,21000,,71.4,0.0,414,1,Calefaccion,301.9,0.0,Llano,46.25
1507,2025-02-02 14:00:00,Planta Logistica R2,Zaragoza,Industrial,26000,10.3,66.4,341.7,70,1,Calefaccion,93.21,95.67,Valle,-0.09
403,2025-02-02 14:00:00,Campus Norte,Bilbao,Educativo,8600,12.3,89.8,318.0,69,0,Apagado,,23.71,Valle,-0.48
1274,2025-06-18 08:00:00,Centro Comercial Delta,Valencia,Comercial,17400,22.2,59.6,415.0,3,0,Apagado,34.66,52.25,Llano,-1.02
341,2025-12-07 00:00:00,Torre Atlantida,Madrid,Oficinas,12500,-2.9,75.4,0.0,3,0,Apagado,23.56,0.0,Valle,2.41
2030,2025-07-08 08:00:00,Residencial Mirador,Barcelona,Residencial,9800,19.8,52.1,477.4,43,0,Apagado,17.41,0.0,Llano,2.71
988,2025-09-06 20:00:00,Hospital Sur,Sevilla,Sanitario,21000,22.0,59.5,0.0,435,No,Apagado,283.0,0.0,Valle,31.64
201,2025-07-20 00:00:00,Torre Atlantida,Madrid,Oficinas,12500,18.5,53.8,0.0,1,0,Apagado,23.81,0.0,Valle,2.36
838,2025-04-11 08:00:00,Hospital Sur,Sevilla,Sanitario,21000,14.2,71.3,160.7,452,1,Calefaccion,194.91,33.08,Llano,21.86
1116,2025-01-09 20:00:00,Centro Comercial Delta,Valencia,Comercial,17400,10.2,81.2,0.0,1366,1,Calefaccion,269.24,0.0,Punta,66.21
733,2025-12-31 00:00:00,Campus Norte,Bilbao,Educativo,8600,8.5,99.0,0.0,13,0,Apagado,12.49,0.0,Valle,1.26
541,2025-06-22 00:00:00,Campus Norte,Bilbao,Educativo,8600,19.4,74.3,0.0,-22,0,Apagado,12.49,0.0,Valle,1.15
692,2025-11-17 20:00:00,Campus Norte,Bilbao,Educativo,8600,13.2,94.0,0.0,129,1,Calefaccion,26.14,0.0,Punta,6.86
1609,2025-05-17 00:00:00,Planta Logistica R2,Zaragoza,Industrial,26000,12.5,70.7,,16,1,Calefaccion,75.85,0.0,Valle,6.56
1467,2025-12-27 14:00:00,Centro Comercial Delta,Valencia,Comercial,17400,17.0,84.4,276.3,1596,0, APAGADO,212.56,37.17,Valle,18.14
610,2025-08-29 08:00:00,Campus Norte,Bilbao,Educativo,8600,19.0,89.2,188.3,0,No,Apagado,7.51,14.87,Llano,-0.49
48,2025-02-14 20:00:00,Torre Atlantida,Madrid,Oficinas,12500,6.2,73.7,0.0,56,1,Calefaccion,44.1,0.0,Punta,10.17
956,2025-08-05 20:00:00,Hospital Sur,Sevilla,Sanitario,21000,31.0,49.9,0.0,,1,Refrigeracion,313.49,0.0,Punta,79.22
281,2025-10-08 00:00:00,Torre Atlantida,Madrid,Oficinas,12500,11.0,62.1,0.0,47,0,Apagado,25.96,0.0,Valle,2.79
411,2025-02-10 14:00:00,Campus Norte,Bilbao,Educativo,8600,12.0,91.4,258.6,811,1,Calefaccion,85.4,19.38,Llano,9.84
1943,2025-04-11 14:00:00,Residencial Mirador,Barcelona,Residencial,9800,17.3,67.1,622.9,57,0,Apagado,16.88,0.0,Llano,2.28
2071,2025-08-17 14:00:00,Residencial Mirador,Barcelona,Residencial,9800,25.2,71.8,761.8,134,1,Refrigeracion,274.47,0.0,Valle,3.39
1593,2025-05-01 00:00:00,Planta Logistica R2,Zaragoza,Industrial,26000,11.1,67.6,0.0,0,0,Apagado,49.11,0.0,Valle,4.28
1927,2025-03-26 14:00:00,Residencial Mirador,Barcelona,Residencial,9800,18.8,71.6,501.5,46,0,Apagado,,0.0,Llano,2.24
2167,2025-11-21 14:00:00,Residencial Mirador,Barcelona,Residencial,9800,16.9,79.5,400.3,77,0,Apagado,20.38,0.0,Llano,3.52
1515,2025-02-10 14:00:00,Planta Logistica R2,Zaragoza,Industrial,26000,15.3,70.8,417.0,170,Si,Ventilacion,152.89,115.63,Llano,5.51
688,2025-11-13 20:00:00,Campus Norte,Bilbao,Educativo,8600,15.5,94.7,0.0,,1,Ventilacion,,0.0,Punta,4.63
336,2025-11-29 20:00:00,Torre Atlantida,Madrid,Oficinas,12500,9.1,67.1,0.0,18,no,Apagado,25.17,0.0,Valle,2.7
643,2025-09-30 14:00:00,Campus Norte,Bilbao,Educativo,8600,19.2,68.4,533.3,866,0, APAGADO,83.69,38.74,Llano,7.83
315,2025-11-09 14:00:00,Torre Atlantida,Madrid,Oficinas,12500,17.9,63.9,410.7,14,0,Apagado,16.97,60.02,Valle,-1.88
783,2025-02-14 14:00:00,Hospital Sur,Sevilla,Sanitario,21000,16.9,67.7,464.8,367,0,Apagado,183.98,92.92,Llano,13.53
1945,2025-04-15 00:00:00,Residencial Mirador,Barcelona,Residencial,9800,12.2,78.9,0.0,317,1,Calefaccion,99.41,0.0,Valle,8.54
2178,2025-12-03 08:00:00,Residencial Mirador,Barcelona,Residencial,9800,7.0,96.4,0.0,66,1,Calefaccion,36.84,0.0,Llano,6.13
622,2025-09-10 08:00:00,Campus Norte,Bilbao,Educativo,8600,17.6,75.0,180.3,815,0,Apagado,80.08,13.28,Llano,11.76
1531,2025-02-26 14:00:00,Planta Logistica R2,Zaragoza,Industrial,26000,13.5,67.3,549.7,163,1,Calefaccion,165.99,147.99,Llano,2.65
1275,2025-06-18 14:00:00,Centro Comercial Delta,Valencia,Comercial,17400,31.8,77.2,491.1,1357,1, REFRIGERACION,220.28,60.07,Llano,24.61
2105,2025-09-22 00:00:00,Residencial Mirador,Barcelona,Residencial,9800,14.0,84.4,0.0,318,1,Calefaccion,101.1,0.0,Valle,10.78
93,2025-04-03 00:00:00,Torre Atlantida,Madrid,Oficinas,12500,-999.0,65.3,0.0,36,0,Apagado,26.13,0.0,Valle,2.18
835,2025-04-07 14:00:00,Hospital Sur,Sevilla,Sanitario,21000,25.2,104.3,577.1,433,1,Refrigeracion,212.19,124.78,Llano,11.7
593,2025-08-13 00:00:00,Campus Norte,Bilbao,Educativo,8600,14.6,67.9,,20,0,Apagado,13.33,0.0,Valle,1.4
532,2025-06-10 20:00:00,Campus Norte,Bilbao,Educativo,8600,18.9,91.1,15.0,112,0,Apagado,22.33,1.02,Punta,4.68
1451,2025-12-11 14:00:00,Centro Comercial Delta,Valencia,Comercial,17400,15.8,87.4,435.2,1404,1,Ventilacion,190.06,51.37,Llano,23.83
395,2025-01-25 14:00:00,Campus Norte,Bilbao,Educativo,8600,13.0,89.7,277.3,94,0,Apagado,13.88,21.32,Valle,-0.28
846,2025-04-19 08:00:00,Hospital Sur,Sevilla,Sanitario,21000,14.9,62.5,287.9,436,1,Ventilacion,198.39,62.18,Valle,11.82
1070,2025-11-29 08:00:00,Hospital Sur,Sevilla,Sanitario,21000,11.6,60.3,0.0,401,1, CALEFACCION,273.37,0.0,Valle,29.88
576,2025-07-24 20:00:00,Campus Norte,Bilbao,Educativo,8600,22.1,83.2,40.6,0,FALSE,Apagado,12.49,3.03,Punta,2.24
574,2025-07-24 08:00:00,Campus Norte,Bilbao,Educativo,8600,21.2,77.7,344.9,0,0,Apagado,6.99,25.68,Llano,-1.19
2149,2025-11-05 00:00:00,Residencial Mirador,Barcelona,Residencial,9800,12.6,89.5,0.0,277,1,Calefaccion,92.63,0.0,Valle,10.12
1303,2025-07-16 14:00:00,Centro Comercial Delta,Valencia,Comercial,17400,29.7,58.9,954.0,1293,1,Refrigeracion,215.19,120.89,Llano,14.57
736,2025-12-31 20:00:00,Campus Norte,Bilbao ,Educativo,8600,8.9,99.0,0.0,19,0,Apagado,14.41,0.0,Punta,3.52
2111,2025-09-26 14:00:00,Residencial Mirador,Barcelona,Residencial,9800,24.7,84.2,544.6,55,1,Refrigeracion,20.27,0.0,Llano,3.58
1762,2025-10-16 08:00:00,Planta Logistica R2,Zaragoza,Industrial,26000,13.4,71.2,44.0,158,1,Calefaccion,255.46,12.05,Llano,41.57
280,2025-10-04 20:00:00,Torre Atlantida,Madrid,Oficinas,12500,17.8,60.7,0.0,0,0,Apagado,24.1,0.0,Valle,2.63
1664,2025-07-08 20:00:00,Planta Logistica R2,Zaragoza,Industrial,26000,24.8,49.1,28.0,174,1,Refrigeracion,269.66,7.62,Punta,65.12
338,2025-12-03 08:00:00,Torre Atlantida,Madrid,Oficinas,12500,4.9,75.2,0.0,348,1,Calefaccion,105.72,0.0,Llano,17.51
228,2025-08-13 20:00:00,Torre Atlantida,Madrid,Oficinas,12500,23.8,50.2,0.0,67,1,Ventilacion,40.18,0.0,Punta,9.97
1723,2025-09-06 14:00:00,Planta Logistica R2,Zaragoza,Industrial,26000,26.2,41.9,798.3,60,1,Refrigeracion,94.08,218.74,Valle,-5.47
9,2025-01-09 00:00:00,Torre Atlantida,Madrid,Oficinas,12500,-999.0,75.9,0.0,27,0,Apagado,25.24,0.0,Valle,2.52
1110,2025-01-05 08:00:00,Centro Comercial Delta,Valencia,Comercial,17400,6.4,99.0,0.0,145,1,Calefaccion,68.42,0.0,Valle,6.86
555,2025-07-04 14:00:00,Campus Norte,Bilbao,Educativo,8600,22.9,79.0,519.8,33,0,Apagado,9.13,38.25,Llano,-1.78
1929,2025-03-30 00:00:00,Residencial Mirador,Barcelona,Residencial,9800,12.1,78.0,0.0,345,1,Calefaccion,100.97,0.0,Valle,8.56
69,2025-03-10 00:00:00,Torre Atlantida, Madrid,Oficinas,12500,4.8,57.7,0.0,38,0,Apagado,25.89,0.0,Valle,2.27
2142,2025-10-28 08:00:00,Residencial Mirador,Barcelona,Residencial,9800,12.1,87.3,54.2,103,1, CALEFACCION,35.57,0.0,Llano,6.3
1121,2025-01-17 00:00:00,Centro Comercial Delta,Valencia,Comercial,17400,8.3,,0.0,86,0,Apagado,51.96,0.0,Valle,5.14
1366,2025-09-18 08:00:00,Centro Comercial Delta,Valencia,Comercial,17400,21.8,78.0,181.9,80,0, APAGADO,40.13,20.61,Llano,3.36
1146,2025-02-10 08:00:00,Centro Comercial Delta,Valencia,Comercial,17400,9.6,89.3,1.8,0,0,Apagado,44.4,0.23,Llano,6.78
1181,2025-03-18 00:00:00,Centro Comercial Delta,Valencia,Comercial,17400,12.8,69.2,0.0,93,0,Apagado,49.75,0.0,Valle,4.47
546,2025-06-26 08:00:00,Campus Norte,Bilbao,Educativo,8600,14.5,,339.9,822,si,Ventilacion,80.31,25.91,Llano,8.2
1972,2025-05-09 20:00:00,Residencial Mirador,Barcelona,Residencial,9800,20.8,71.8,4.2,311,no,Apagado,87.72,0.0,Punta,18.28
25,2025-01-25 00:00:00,Torre Atlantida,Madrid,Oficinas,12500,-1.6,90.9,0.0,13,0,Apagado,24.14,0.0,Valle,2.41
634,2025-09-22 08:00:00,Campus Norte,Bilbao,Educativo,8600,16.2,76.7,111.4,814,0,Apagado,114.74,8.26,Llano,18.83
471,2025-04-11 14:00:00,Campus Norte,Bilbao,Educativo,8600,18.2,82.0,404.9,810,0,Apagado,76.44,29.6,Llano,6.47
558,2025-07-08 08:00:00,Campus Norte,Bilbao,Educativo,8600,19.6,58.5,441.5,0,0, APAGADO,7.57,33.38,Llano,-1.55
1748,2025-09-30 20:00:00,Planta Logistica R2,Zaragoza,Industrial,26000,22.3,54.8,0.0,167,0,Apagado,265.93,0.0,Punta,72.28
294,2025-10-20 08:00:00,Torre Atlantida,Madrid,Oficinas,12500,13.7,54.8,69.6,292,1,Calefaccion,100.88,9.53,Llano,16.24
773,2025-02-06 00:00:00,Hospital Sur,Sevilla,Sanitario,21000,5.7,76.7,0.0,195,1,Calefaccion,198.28,0.0,Valle,18.24
2126,2025-10-12 08:00:00,Residencial Mirador,Barcelona,Residencial,9800,15.1,74.5,102.9,131,1,Ventilacion,47.39,0.0,Valle,5.17
1263,2025-06-06 14:00:00,Centro Comercial Delta,Valencia,Comercial,17400,28.3,56.3,728.3,1392,1,Refrigeracion,214.95,86.51,Llano,18.05
749,2025-01-13 00:00:00,Hospital Sur,Sevilla,Sanitario,21000,3.8,74.4,0.0,223,1,Calefaccion,204.83,0.0,Valle,20.09
1189,2025-03-26 00:00:00,Centro Comercial Delta,Valencia,Comercial,17400,13.6,71.4,0.0,61,0,Apagado,49.96,0.0,Valle,4.28
1023,2025-10-12 14:00:00,Hospital Sur,Sevilla,Sanitario,21000,26.5,46.5,480.9,398,Si,Refrigeracion,209.2,90.88,Valle,12.92
121,2025-05-01 00:00:00,Torre Atlantida,Madrid,Oficinas,12500,13.5,60.3,0.0,32,0, APAGADO,,0.0,Valle,2.07
906,2025-06-18 08:00:00,Hospital Sur,Sevilla,Sanitario,21000,,46.8,371.2,414,1,Refrigeracion,212.31,77.65,Llano,19.67
1721,2025-09-06 00:00:00,Planta Logistica R2,Zaragoza,Industrial,26000,14.9,65.6,0.0,37,Si,Ventilacion,75.26,0.0,Valle,8.21
1307,2025-07-20 14:00:00,Centro Comercial Delta,Valencia,Comercial,17400,27.7,64.1,799.2,1526,Si,Refrigeracion,259.89,98.58,Valle,16.16
1389,2025-10-12 00:00:00,Centro Comercial Delta,Valencia,Comercial,17400,17.7,68.4,0.0,146,0,Apagado,53.85,0.0,Valle,5.76
1771,2025-10-24 14:00:00,Planta Logistica R2,Zaragoza,Industrial,26000,19.9,69.4,496.1,160,no,Apagado,141.26,140.42,Llano,0.14
1335,2025-08-17 14:00:00,Centro Comercial Delta,Valencia,Comercial,17400,26.2,66.6,806.7,1506,1,Refrigeracion,236.78,102.3,Valle,14.15
511,2025-05-21 14:00:00,Campus Norte,Bilbao,Educativo,8600,21.7,71.3,695.0,750,0,Apagado,84.27,52.77,Llano,4.38
180,2025-06-26 20:00:00,Torre Atlantida,Madrid,Oficinas,12500,27.3,39.1,90.2,60,Si,Refrigeracion,45.12,12.99,Punta,7.45
1936,2025-04-03 20:00:00,Residencial Mirador, Barcelona ,Residencial,9800,-999.0,90.7,0.0,316,1,Ventilacion,96.57,0.0,Punta,20.59
1834,2025-12-27 08:00:00,Planta Logistica R2,Zaragoza,Industrial,26000,5.8,61.6,0.0,69,1,Calefaccion,132.39,0.0,Valle,13.19
1845,2025-01-05 00:00:00,Residencial Mirador,Barcelona,Residencial,9800,4.9,81.0,0.0,303,1,Calefaccion,98.83,0.0,Valle,10.06
1094,2025-12-23 08:00:00,Hospital Sur,Sevilla,Sanitario,21000,4.5,82.8,0.0,406,1,Calefaccion,306.69,0.0,Llano,51.0
1808,2025-11-29 20:00:00,Planta Logistica R2,Zaragoza,Industrial,26000,14.4,67.9,0.0,72,1,Calefaccion,133.85,0.0,Valle,14.08
1548,2025-03-14 20:00:00,Planta Logistica R2,Zaragoza,Industrial,26000,12.5,61.6,0.0,176,1,Calefaccion,241.01,0.0,Punta,52.44
1560,2025-03-26 20:00:00,Planta Logistica R2,Zaragoza,Industrial,26000,16.6,69.6,0.0,163,0,Apagado,246.3,0.0,Punta,50.84
1184,2025-03-18 20:00:00,Centro Comercial Delta,Valencia,Comercial,17400,18.2,60.7,0.0,1363,0,Apagado,278.0,0.0,Punta,59.94
1829,2025-12-23 00:00:00,Planta Logistica R2,Zaragoza,Industrial,26000,2.1,76.3,0.0,66,1,Calefaccion,133.49,0.0,Valle,14.23
816,2025-03-18 20:00:00,Hospital Sur,Sevilla,Sanitario,21000,16.7,73.9,0.0,423,0,Apagado,284.96,0.0,Punta,63.09
1148,2025-02-10 20:00:00,Centro Comercial Delta,Valencia,Comercial,17400,13.7,90.7,0.0,1448,1,Calefaccion,268.5,0.0,Punta,60.57
864,2025-05-05 20:00:00,Hospital Sur,Sevilla,Sanitario,21000,24.6,116.5,0.0,379,1,Refrigeracion,287.92,0.0,Punta,59.4
1083,2025-12-11 14:00:00,Hospital Sur,Sevilla,Sanitario,21000,16.9,68.2,384.0,361,0,Apagado,208.86,79.05,Llano,20.91
1209,2025-04-15 00:00:00,Centro Comercial Delta,Valencia,Comercial,17400,14.7,87.4,0.0,0,0,Apagado,44.89,0.0,Valle,3.92
2044,2025-07-20 20:00:00,Residencial Mirador,Barcelona,Residencial,9800,23.4,76.4,73.3,-18,1,Ventilacion,96.22,0.0,Valle,9.71
1616,2025-05-21 20:00:00,Planta Logistica R2,Zaragoza,Industrial,26000,19.9,56.2,58.5,173,0,Apagado,222.33,15.62,Punta,45.81
1290,2025-07-04 08:00:00,Centro Comercial Delta,Valencia,Comercial,17400,22.3,50.5,485.7,225,0,Apagado,43.52,55.68,Llano,-0.75
1858,2025-01-17 08:00:00,Residencial Mirador,Barcelona,Residencial,9800,6.1,96.5,0.0,72,1,Calefaccion,35.88,0.0,Llano,5.52
96,2025-04-03 20:00:00,Torre Atlantida,Madrid,Oficinas,12500,13.9,69.7,0.0,47,1,Calefaccion,37.76,0.0,Punta,7.8
1273,2025-06-18 00:00:00,Centro Comercial Delta,Valencia,Comercial,17400,20.8,68.3,0.0,112,FALSE,Apagado,52.45,0.0,Valle,4.87
381,2025-01-13 00:00:00,Campus Norte,Bilbao,Educativo,8600,3.5,95.8,0.0,8,1,Calefaccion,25.58,0.0,Valle,2.57
605,2025-08-25 00:00:00,Campus Norte,Bilbao,Educativo,8600,14.2,88.9,0.0,0,0,Apagado,12.0,0.0,Valle,1.26
2025,2025-07-04 00:00:00,Residencial Mirador,Barcelona,Residencial,9800,19.4,74.0,0.0,294,0,Apagado,92.45,0.0,Valle,8.9
2091,2025-09-06 14:00:00,Residencial Mirador,Barcelona,Residencial,9800,23.0,72.5,682.4,118,0,Apagado,25.52,0.0,Valle,2.72
551,2025-06-30 14:00:00,Campus Norte,Bilbao,Educativo,8600,21.2,86.5,518.4,787,No,Apagado,75.69,38.67,Llano,5.41
1172,2025-03-06 20:00:00,Centro Comercial Delta,Valencia,Comercial,17400,12.9,89.7,0.0,1339,1,Calefaccion,287.66,0.0,Punta,62.28
252,2025-09-06 20:00:00,Torre Atlantida,Madrid,Oficinas,12500,22.2,45.5,0.0,0,0,Apagado,22.36,0.0,Valle,2.35
476,2025-04-15 20:00:00,Campus Norte,Bilbao,Educativo,8600,15.2,80.1,0.0,52,1,Ventilacion,20.94,0.0,Punta,4.42
1500,2025-01-25 20:00:00,Planta Logistica R2,Zaragoza,Industrial,26000,8.6,73.6,0.0,47,1,Calefaccion,154.99,0.0,Valle,14.97
213,2025-08-01 00:00:00,Torre Atlantida,Madrid,Oficinas,12500,19.2,51.6,0.0,0,0,Apagado,21.97,0.0,Valle,2.15
1465,2025-12-27 00:00:00,Centro Comercial Delta,Valencia,Comercial,17400,9.6,90.7,0.0,91,1,Calefaccion,69.48,0.0,Valle,7.09
903,2025-06-14 14:00:00,Hospital Sur,Sevilla,Sanitario,21000,33.5,49.0,808.6,436,TRUE,Refrigeracion,236.34,161.55,Valle,6.92
1589,2025-04-27 00:00:00,Planta Logistica R2,Zaragoza,Industrial,26000,14.3,68.8,0.0,32,1,Calefaccion,80.28,0.0,Valle,6.86
331,2025-11-25 14:00:00,Torre Atlantida,Madrid,Oficinas,12500,16.1,56.5,450.9,519,0,Apagado,110.14,73.65,Llano,6.31
433,2025-03-06 00:00:00,Campus Norte,Bilbao,Educativo,8600,7.7,85.8,0.0,76,1,Calefaccion,26.92,0.0,Valle,2.4
277,2025-10-04 00:00:00,Torre Atlantida,Madrid,Oficinas,12500,12.3,60.8,0.0,,0,Apagado,25.11,0.0,Valle,2.79
506,2025-05-17 08:00:00,Campus Norte,Bilbao,Educativo,8600,16.2,88.9,313.3,0,0, APAGADO,7.61,23.59,Valle,-0.54
1336,2025-08-17 20:00:00,Centro Comercial Delta,Valencia,Comercial,17400,24.3,70.1,0.0,1548,1,Refrigeracion,306.65,0.0,Valle,31.31
2000,2025-06-06 20:00:00,Residencial Mirador,Barcelona,Residencial,9800,26.3,66.6,74.1,294,1,Refrigeracion,99.76,0.0,Punta,21.86
292,2025-10-16 20:00:00,Torre Atlantida,Madrid,Oficinas,12500,16.0,63.6,,91,0,Apagado,39.58,0.0,Punta,10.89
902,2025-06-14 08:00:00,Hospital Sur,Sevilla,Sanitario,21000,23.9,48.7,400.3,447,1,Ventilacion,192.64,81.1,Valle,10.08
449,2025-03-22 00:00:00,Campus Norte,Bilbao,Educativo,8600,9.1,97.1,0.0,0,0,Apagado,12.95,0.0,Valle,1.17
1410,2025-11-01 08:00:00,Centro Comercial Delta,Valencia,Comercial,17400,13.3,82.1,66.8,,1,Calefaccion,,8.59,Valle,4.62
2053,2025-08-01 00:00:00,Residencial Mirador,Barcelona,Residencial,9800,19.3,67.3,0.0,325,no,Apagado,96.89,0.0,Valle,9.57
1549,2025-03-18 00:00:00,Planta Logistica R2,Zaragoza,Industrial,26000,7.3,74.0,0.0,43,1, CALEFACCION,126.47,0.0,Valle,11.1
990,2025-09-10 08:00:00,Hospital Sur,Sevilla,Sanitario,21000,23.4,52.2,253.7,360,1,Ventilacion,178.38,53.96,Llano,20.7
304,2025-10-28 20:00:00,Torre Atlantida,Madrid,Oficinas,12500,14.1,77.9,0.0,112,1,Calefaccion,43.54,0.0,Punta,11.83
1512,2025-02-06 20:00:00,Planta Logistica R2,Zaragoza,Industrial,26000,8.2,65.2,0.0,166,Si,Calefaccion,249.28,0.0,Punta,58.03
2072,2025-08-17 20:00:00,Residencial Mirador,Barcelona,Residencial,9800,21.7,70.7,0.0,291,0,Apagado,100.32,0.0,Valle,10.2
2161,2025-11-17 00:00:00,Residencial Mirador,Barcelona,Residencial,9800,10.7,90.9,0.0,304,Si,Calefaccion,95.53,0.0,Valle,10.29
941,2025-07-24 00:00:00,Hospital Sur,Sevilla,Sanitario,21000,22.4,49.1,0.0,216,0,Apagado,169.67,0.0,Valle,17.32
68,2025-03-06 20:00:00,Torre Atlantida,Madrid,Oficinas,12500,9.0,86.6,0.0,90,1,Calefaccion,46.77,0.0,Punta,10.02
20,2025-01-17 20:00:00,Torre Atlantida,Madrid,Oficinas,12500,7.0,74.4,0.0,106,1,Calefaccion,43.19,0.0,Punta,10.78
1902,2025-03-02 08:00:00,Residencial Mirador,Barcelona,Residencial,9800,13.2,90.2,75.4,83,Si,Calefaccion,47.45,0.0,Valle,4.33
325,2025-11-21 00:00:00,Torre Atlantida,Madrid,Oficinas,12500,6.4,64.6,0.0,2,0,Apagado,23.83,0.0,Valle,2.5
1285,2025-06-30 00:00:00,Centro Comercial Delta,Valencia,Comercial,17400,17.7,66.7,0.0,0,0,Apagado,44.54,0.0,Valle,4.02
2144,2025-10-28 20:00:00,Residencial Mirador,Barcelona,Residencial,9800,15.8,73.8,0.0,296,1,Ventilacion,101.11,0.0,Punta,26.18
1434,2025-11-25 08:00:00,Centro Comercial Delta,Valencia,Comercial,17400,,81.4,0.0,61,0,Apagado,46.75,0.0,Llano,8.07
1425,2025-11-17 00:00:00,Centro Comercial Delta,Valencia,Comercial,17400,14.1,72.7,0.0,170,0,Apagado,56.52,0.0,Valle,6.0
1474,2025-01-01 08:00:00,Planta Logistica R2,Zaragoza,Industrial,26000,7.0,,0.0,17,0,Apagado,44.37,0.0,Valle,4.6
55,2025-02-22 14:00:00,Torre Atlantida,Madrid,Oficinas,12500,,70.8,376.1,3,0,Apagado,15.92,54.83,Valle,-1.41
964,2025-08-13 20:00:00,Hospital Sur,Sevilla,Sanitario,21000,31.9,53.2,0.0,403,1,Refrigeracion,307.2,0.0,Punta,80.49
932,2025-07-12 20:00:00,Hospital Sur,Sevilla,Sanitario,21000,29.8,49.6,71.0,403,1,Refrigeracion,289.7,14.3,Valle,25.47
188,2025-07-04 20:00:00,Torre Atlantida,Madrid,Oficinas,12500,27.1,56.1,49.8,68,1,Refrigeracion,47.87,7.34,Punta,9.37
151,2025-05-29 14:00:00,Torre Atlantida,Madrid,Oficinas,12500,28.6,50.5,646.1,574,1,Refrigeracion,118.91,100.7,Llano,2.57
2045,2025-07-24 00:00:00,Residencial Mirador,Barcelona ,Residencial,9800,22.4,77.3,0.0,282,0,Apagado,100.21,0.0,Valle,9.68
2158,2025-11-13 08:00:00,Residencial Mirador,Barcelona,Residencial,9800,11.3,94.5,0.0,101,si,Calefaccion,36.59,0.0,Llano,6.53
1122,2025-01-17 08:00:00,Centro Comercial Delta,Valencia,Comercial,17400,8.9,89.5,0.0,0,FALSE,Apagado,45.03,0.0,Llano,7.07
2052,2025-07-28 20:00:00,Residencial Mirador,Barcelona,Residencial,9800,19.9,73.5,11.6,299,0,Apagado,99.97,0.0,Punta,24.45
1131,2025-01-25 14:00:00,Centro Comercial Delta,Valencia,Comercial,17400,18.1,78.4,486.0,1616,0,Apagado,233.56,61.56,Valle,16.67
744,2025-01-05 20:00:00,Hospital Sur,Sevilla,Sanitario,21000,11.9,58.1,0.0,364,1,Calefaccion,275.32,0.0,Valle,27.48
1907,2025-03-06 14:00:00,Residencial Mirador,Barcelona,Residencial,9800,15.5,88.1,507.4,94,1,Ventilacion,19.17,0.0,Llano,2.73
2064,2025-08-09 20:00:00,Residencial Mirador,Barcelona,Residencial,9800,23.1,78.9,0.0,328,1,Ventilacion,93.88,0.0,Valle,9.75
750,2025-01-13 08:00:00,Hospital Sur,Sevilla,Sanitario,21000,7.6,71.6,0.0,385,1,Calefaccion,289.06,0.0,Llano,46.02
756,2025-01-17 20:00:00,Hospital Sur,Sevilla,Sanitario,21000,11.6,65.4,0.0,371,1,Calefaccion,297.66,0.0,Punta,72.99
1049,2025-11-09 00:00:00,Hospital Sur,Sevilla,Sanitario,21000,6.7,67.9,0.0,183,1,Calefaccion,193.3,0.0,Valle,21.05
812,2025-03-14 20:00:00,Hospital Sur,Sevilla,Sanitario,21000,16.8,60.1,0.0,346,0, APAGADO,275.44,0.0,Punta,58.61
662,2025-10-20 08:00:00,Campus Norte,Bilbao,Educativo,8600,12.2,86.1,66.1,811,1,Calefaccion,122.09,5.45,Llano,20.74
2136,2025-10-20 20:00:00,Residencial Mirador,Barcelona,Residencial,9800,16.0,85.6,0.0,317,0,Apagado,97.34,0.0,Punta,26.6
1558,2025-03-26 08:00:00,Planta Logistica R2,Zaragoza,Industrial,26000,10.4,79.9,164.3,167,1,Calefaccion,181.36,45.38,Llano,19.36
1064,2025-11-21 20:00:00,Hospital Sur,Sevilla,Sanitario,21000,14.3,79.1,0.0,387,1,Calefaccion,264.41,0.0,Punta,70.65
1107,2025-01-01 14:00:00,Centro Comercial Delta,Valencia,Comercial,17400,14.9,81.0,402.3,1412,1,Ventilacion,186.36,49.62,Valle,14.15
256,2025-09-10 20:00:00,Torre Atlantida,Madrid,Oficinas,12500,22.4,63.9,0.0,79,FALSE,Apagado,41.69,0.0,Punta,11.25
935,2025-07-16 14:00:00,Hospital Sur,Sevilla,Sanitario,21000,,35.6,852.4,380,1,Refrigeracion,235.28,161.77,Llano,11.76
870,2025-05-13 08:00:00,Hospital Sur,Sevilla,Sanitario,21000,21.4,62.9,380.4,395,0,Apagado,203.36,78.51,Llano,17.23
160,2025-06-06 20:00:00,Torre Atlantida,Madrid,Oficinas,12500,24.2,64.3,55.1,54,1,Refrigeracion,41.63,8.55,Punta,7.18
893,2025-06-06 00:00:00,Hospital Sur,Sevilla,Sanitario,21000,23.9,52.0,0.0,197,1,Ventilacion,173.36,0.0,Valle,15.95
874,2025-05-17 08:00:00,Hospital Sur,Sevilla,Sanitario,21000,24.0,61.9,249.1,428,1,Ventilacion,193.64,50.62,Valle,12.37
614,2025-09-02 08:00:00,Campus Norte, Bilbao ,Educativo,8600,16.8,73.3,245.8,801,0,Apagado,85.33,20.27,Llano,11.52
1404,2025-10-24 20:00:00,Centro Comercial Delta,Valencia,Comercial,17400,16.0,84.9,0.0,1381,0, APAGADO,280.47,0.0,Punta,73.82
1101,2025-12-31 00:00:00,Hospital Sur,Sevilla,Sanitario,21000,3.7,77.2,0.0,148,1,Calefaccion,197.89,0.0,Valle,20.62
389,2025-01-21 00:00:00,Campus Norte,Bilbao,Educativo,8600,1.7,97.3,0.0,95,1,Calefaccion,30.03,0.0,Valle,2.91
937,2025-07-20 00:00:00,Hospital Sur,Sevilla,Sanitario,21000,24.0,58.9,0.0,259,1,Ventilacion,161.46,0.0,Valle,15.69
407,2025-02-06 14:00:00,Campus Norte,Bilbao,Educativo,8600,9.4,93.8,310.4,800,1,Calefaccion,,23.39,Llano,8.78
1316,2025-07-28 20:00:00,Centro Comercial Delta,Valencia,Comercial,17400,29.5,50.7,40.9,1380,1,Refrigeracion,292.74,4.99,Punta,67.79
795,2025-02-26 14:00:00,Hospital Sur,Sevilla,Sanitario,21000,16.4,68.3,581.8,350,0,Apagado,186.31,123.78,Llano,9.17
716,2025-12-11 20:00:00,Campus Norte,Bilbao,Educativo,8600,8.9,99.0,0.0,28,1,Calefaccion,25.57,0.0,Punta,6.51
1135,2025-01-29 14:00:00,Centro Comercial Delta,Valencia,Comercial,17400,13.6,77.0,458.6,1320,si, CALEFACCION,189.24,63.51,Llano,19.44
1649,2025-06-26 00:00:00,Planta Logistica R2,Zaragoza,Industrial,26000,20.2,58.6,0.0,58,FALSE,Apagado,108.46,0.0,Valle,9.92
1024,2025-10-12 20:00:00,Hospital Sur,Sevilla,Sanitario,21000,22.1,53.2,0.0,422,FALSE,Apagado,293.23,0.0,Valle,31.93
1056,2025-11-13 20:00:00,Hospital Sur,Sevilla,Sanitario,21000,15.0,67.9,0.0,385,1,Ventilacion,269.13,0.0,Punta,72.4
1666,2025-07-12 08:00:00,Planta Logistica R2,Zaragoza,Industrial,26000,25.5,67.4,328.9,73,1,Refrigeracion,87.4,88.8,Valle,-0.06
247,2025-09-02 14:00:00,Torre Atlantida,Madrid,Oficinas,12500,32.1,42.7,738.6,,1,Refrigeracion,129.87,115.07,Llano,2.48
146,2025-05-25 08:00:00,Torre Atlantida,MADRID,Oficinas,12500,21.6,50.4,388.7,0,0,Apagado,14.72,60.76,Valle,-1.63
796,2025-02-26 20:00:00,Hospital Sur,Sevilla,Sanitario,21000,15.2,61.3,0.0,397,1,Ventilacion,285.48,0.0,Punta,
590,2025-08-09 08:00:00,Campus Norte,Bilbao,Educativo,8600,19.0,72.7,280.4,0,0,Apagado,8.21,21.86,Valle,-0.55
74,2025-03-14 08:00:00,Torre Atlantida,Madrid,Oficinas,12500,8.3,75.8,82.0,397,1,Calefaccion,109.1,12.36,Llano,13.63
461,2025-04-03 00:00:00,Campus Norte,Bilbao,Educativo,8600,10.3,91.1,0.0,0,1,Calefaccion,20.84,0.0,Valle,1.79
487,2025-04-27 14:00:00,Campus Norte,Bilbao,Educativo,8600,18.6,74.3,522.0,0,0,Apagado,7.84,41.87,Valle,-1.18
447,2025-03-18 14:00:00,Campus Norte,Bilbao,Educativo,8600,17.1,88.7,460.1,817,0,Apagado,79.16,36.83,Llano,5.9
1230,2025-05-05 08:00:00,Centro Comercial Delta,Valencia,Comercial,17400,19.2,73.9,329.5,131,0,Apagado,41.0,39.78,Llano,0.17
493,2025-05-05 00:00:00,Campus Norte,Bilbao,Educativo,8600,15.5,85.9,0.0,67,1,Ventilacion,21.06,0.0,Valle,1.83
171,2025-06-18 14:00:00,Torre Atlantida,Madrid,Oficinas,12500,33.4,38.1,811.8,566,1,Refrigeracion,119.93,108.64,Llano,1.66
2172,2025-11-25 20:00:00,Residencial Mirador,Barcelona,Residencial,9800,11.4,86.4,0.0,329,1,Calefaccion,93.51,0.0,Punta,24.66
1266,2025-06-10 08:00:00,Centro Comercial Delta,Valencia,Comercial,17400,23.9,122.7,419.8,126,0,Apagado,40.76,49.53,Llano,-0.51
1016,2025-10-04 20:00:00,Hospital Sur,Sevilla,Sanitario,21000,23.3,49.2,0.0,350,1,Ventilacion,287.17,0.0,Valle,31.59
98,2025-04-07 08:00:00,Torre Atlantida,Madrid,Oficinas,12500,11.8,59.8,204.6,414,1,Calefaccion,68.15,32.2,Llano,4.87
1218,2025-04-23 08:00:00,Centro Comercial Delta,Valencia,Comercial,17400,18.8,76.5,258.9,-14,0,Apagado,37.2,32.92,Llano,0.6
1773,2025-10-28 00:00:00,Planta Logistica R2,Zaragoza,Industrial,26000,10.7,71.3,0.0,58,1,Calefaccion,128.96,0.0,Valle,14.69
1468,2025-12-27 20:00:00,Centro Comercial Delta,Valencia,Comercial,17400,11.6,81.7,0.0,1616,TRUE,Calefaccion,321.42,0.0,Valle,32.98
1750,2025-10-04 08:00:00,Planta Logistica R2,Zaragoza,Industrial,26000,12.8,63.3,125.2,64,1,Calefaccion,86.98,34.57,Valle,5.69
2120,2025-10-04 20:00:00,Residencial Mirador,Barcelona,Residencial,9800,20.5,81.4,0.0,308,0,Apagado,86.45,0.0,Valle,9.6
1479,2025-01-05 14:00:00,Planta Logistica R2,Zaragoza,Industrial,26000,14.2,81.8,324.8,66,1,Calefaccion,83.38,89.59,Valle,-0.26
1891,2025-02-18 14:00:00,Residencial Mirador,Barcelona,Residencial,9800,13.0,82.0,452.9,70,1,Calefaccion,21.12,0.0,Llano,3.13
99,2025-04-07 14:00:00,Torre Atlantida,Madrid,Oficinas,12500,21.1,53.7,601.6,617,FALSE,Apagado,105.17,91.01,Llano,1.9
348,2025-12-11 20:00:00,Torre Atlantida,Madrid,Oficinas,12500,9.0,80.7,0.0,35,1,Calefaccion,42.68,0.0,Punta,10.85
602,2025-08-21 08:00:00,Campus Norte,Bilbao,Educativo,8600,20.3,82.6,224.4,14,0,Apagado,8.0,18.26,Llano,-0.71
396,2025-01-25 20:00:00,Campus Norte,Bilbao,Educativo,8600,8.2,98.7,0.0,46,No,Apagado,13.89,0.0,Valle,1.34
427,2025-02-26 14:00:00,Campus Norte,Bilbao,Educativo,8600,16.3,99.0,285.0,864,0,Apagado,80.38,20.25,Llano,8.68
22,2025-01-21 08:00:00,Torre Atlantida,Madrid,Oficinas,12500,1.0,90.8,0.0,339,1,Calefaccion,113.23,0.0,Llano,17.26
1584,2025-04-19 20:00:00,Planta Logistica R2,Zaragoza,Industrial,26000,17.2,67.0,0.0,64,FALSE,Apagado,115.96,0.0,Valle,10.13
1039,2025-10-28 14:00:00,Hospital Sur,Sevilla,Sanitario,21000,24.9,54.3,611.2,452,1,Refrigeracion,215.02,121.54,Llano,16.77
1865,2025-01-25 00:00:00,Residencial Mirador,Barcelona,Residencial,9800,6.8,93.2,0.0,324,1, CALEFACCION,103.32,0.0,Valle,9.93
1145,2025-02-10 00:00:00,Centro Comercial Delta,Valencia,Comercial,17400,8.2,86.7,0.0,125,0,Apagado,56.7,0.0,Valle,5.32
845,2025-04-19 00:00:00,Hospital Sur,Sevilla,Sanitario,21000,19.3,68.2,0.0,225,FALSE,Apagado,173.12,0.0,Valle,14.87
1221,2025-04-27 00:00:00,Centro Comercial Delta,Valencia,Comercial,17400,16.6,68.5,0.0,93,0,Apagado,55.15,0.0,Valle,4.74
251,2025-09-06 14:00:00,Torre Atlantida,Madrid,Oficinas,12500,29.0,40.8,806.3,39,0,Apagado,16.53,109.51,Valle,-4.04
740,2025-01-01 20:00:00,Hospital Sur,SEVILLA,Sanitario,21000,14.0,65.4,0.0,400,1,Calefaccion,286.35,0.0,Valle,28.92
965,2025-08-17 00:00:00,Hospital Sur,SEVILLA,Sanitario,21000,23.0,52.8,0.0,207,0,Apagado,176.21,0.0,Valle,18.03
1670,2025-07-16 08:00:00,Planta Logistica R2,Zaragoza,Industrial,26000,23.3,53.3,,166,1,Ventilacion,152.86,104.56,Llano,7.54
1510,2025-02-06 08:00:00,Planta Logistica R2,Zaragoza,Industrial,26000,8.5,64.8,77.6,180,1,Calefaccion,269.84,21.67,Llano,37.42
2092,2025-09-06 20:00:00,Residencial Mirador,Barcelona,Residencial,9800,21.1,62.4,0.0,328,0,Apagado,103.0,0.0,Valle,10.8
1315,2025-07-28 14:00:00,Centro Comercial Delta,Valencia,Comercial,17400,29.8,68.6,783.3,1275,1,Refrigeracion,215.31,95.62,Llano,19.31
1847,2025-01-05 14:00:00,Residencial Mirador,Barcelona,Residencial,9800,12.7,,376.8,107,1,Calefaccion,29.72,0.0,Valle,2.96
1183,2025-03-18 14:00:00,Centro Comercial Delta,Valencia,Comercial,17400,18.1,76.0,464.3,1389,no,Apagado,219.33,58.63,Llano,22.47
244,2025-08-29 20:00:00,Torre Atlantida,Madrid,Oficinas,12500,23.0,52.4,0.0,74,0,Apagado,40.52,0.0,Punta,10.53
67,2025-03-06 14:00:00,Torre Atlantida,Madrid,Oficinas,12500,14.7,67.5,431.7,616,1,Ventilacion,110.02,63.09,Llano,6.87
659,2025-10-16 14:00:00,Campus Norte,Bilbao,Educativo,8600,18.3,78.9,475.7,,0,Apagado,82.53,34.14,Llano,8.51
934,2025-07-16 08:00:00,Hospital Sur,Sevilla,Sanitario,21000,25.5,45.4,417.1,380,Si,Refrigeracion,181.01,85.8,Llano,15.24
1656,2025-06-30 20:00:00,Planta Logistica R2,Zaragoza,Industrial,26000,26.8,52.3,72.8,159,1,Refrigeracion,258.39,18.17,Punta,58.06
1529,2025-02-26 00:00:00,Planta Logistica R2,Zaragoza,Industrial,26000,4.1,84.8,0.0,57,1,Calefaccion,124.96,0.0,Valle,11.3
1497,2025-01-25 00:00:00,Planta Logistica R2,Zaragoza,Industrial,26000,0.3,88.1,0.0,33,1,Calefaccion,94.04,0.0,Valle,9.3
1702,2025-08-17 08:00:00,Planta Logistica R2,Zaragoza,Industrial,26000,20.7,66.8,347.2,66,No,Apagado,83.3,93.74,Valle,-0.43
1345,2025-08-29 00:00:00,Centro Comercial Delta,Valencia,Comercial,17400,20.6,72.2,0.0,81,0,Apagado,49.71,0.0,Valle,5.34
1555,2025-03-22 14:00:00,Planta Logistica R2,Zaragoza,Industrial,26000,17.5,69.3,410.5,79,0,Apagado,78.51,103.77,Valle,-0.88
1433,2025-11-25 00:00:00,Centro Comercial Delta,Valencia,Comercial,17400,11.0,84.6,0.0,85,0,Apagado,52.97,0.0,Valle,5.74
362,2025-12-27 08:00:00,Torre Atlantida,Madrid,Oficinas,12500,0.7,80.7,0.0,38,0,Apagado,25.37,0.0,Valle,2.63
1457,2025-12-19 00:00:00,Centro Comercial Delta,Valencia,Comercial,17400,-999.0,78.8,0.0,257,0,Apagado,60.49,0.0,Valle,6.3
485,2025-04-27 00:00:00,Campus Norte,Bilbao,Educativo,8600,13.6,96.5,0.0,0,0,Apagado,11.88,0.0,Valle,1.03
1809,2025-12-03 00:00:00,Planta Logistica R2,Zaragoza,Industrial,26000,4.0,78.8,0.0,51,1,Calefaccion,137.77,0.0,Valle,14.18
1158,2025-02-22 08:00:00,Centro Comercial Delta,Valencia,Comercial,17400,11.6,87.0,25.7,72,1,Calefaccion,59.39,3.28,Valle,5.07
2080,2025-08-25 20:00:00,Residencial Mirador,Barcelona,Residencial,9800,21.8,69.8,0.0,280,0,Apagado,95.94,0.0,Punta,24.53
766,2025-01-29 08:00:00,Hospital Sur,Sevilla,Sanitario,21000,7.8,83.5,0.0,470,1,Calefaccion,310.87,0.0,Llano,47.41
1807,2025-11-29 14:00:00,Planta Logistica R2,Zaragoza,Industrial,26000,14.1,74.4,325.2,80,1,Calefaccion,83.27,99.48,Valle,-0.68
1186,2025-03-22 08:00:00,Centro Comercial Delta,Valencia,Comercial,17400,,71.9,91.7,81,1,Calefaccion,54.08,12.11,Valle,3.74
287,2025-10-12 14:00:00,Torre Atlantida,Madrid,Oficinas,12500,21.7,62.9,,30,0,Apagado,16.82,94.2,Valle,-3.3
950,2025-08-01 08:00:00,Hospital Sur,Sevilla,Sanitario,21000,31.1,39.8,391.6,457,1,Refrigeracion,224.79,79.95,Llano,22.94
1604,2025-05-09 20:00:00,Planta Logistica R2,zaragoza,Industrial,26000,22.2,50.4,3.1,179,0,Apagado,262.85,0.82,Punta,55.08
140,2025-05-17 20:00:00,Torre Atlantida,Madrid,Oficinas,12500,20.0,60.6,23.1,35,0,Apagado,26.52,3.69,Valle,1.94
849,2025-04-23 00:00:00,Hospital Sur,Sevilla,Sanitario,21000,15.3,78.8,0.0,238,1,Ventilacion,179.51,0.0,Valle,
1688,2025-08-01 20:00:00,Planta Logistica R2,Zaragoza,Industrial,26000,25.5,54.5,19.9,182,1,Refrigeracion,254.26,5.42,Punta,61.07
1761,2025-10-16 00:00:00,Planta Logistica R2,Zaragoza,Industrial,26000,9.3,60.8,0.0,52,1, CALEFACCION,112.68,0.0,Valle,11.99
1966,2025-05-05 08:00:00,Residencial Mirador,Barcelona,Residencial,9800,18.7,76.9,266.9,54,0,Apagado,18.43,0.0,Llano,2.58
1139,2025-02-02 14:00:00,Centro Comercial Delta,Valencia,Comercial,17400,15.7,74.1,350.1,1504,1,Ventilacion,213.07,46.62,Valle,16.23
1944,2025-04-11 20:00:00,Residencial Mirador,Barcelona,Residencial,9800,18.1,84.6,0.0,321,0,Apagado,92.45,0.0,Punta,19.22
1665,2025-07-12 00:00:00,Planta Logistica R2,Zaragoza,Industrial,26000,22.8,54.4,0.0,25,0,Apagado,70.31,0.0,Valle,6.72
445,2025-03-18 00:00:00,Campus Norte,Bilbao,Educativo,8600,10.1,,0.0,61,1,Calefaccion,25.2,0.0,Valle,2.19
2088,2025-09-02 20:00:00,Residencial Mirador,Barcelona,Residencial,9800,25.1,64.4,0.0,,1,Refrigeracion,101.78,0.0,Punta,27.51
1123,2025-01-17 14:00:00,Centro Comercial Delta,Valencia,Comercial,17400,-999.0,82.0,414.4,1265,1,Ventilacion,192.9,51.74,Llano,21.64
1265,2025-06-10 00:00:00,Centro Comercial Delta,Valencia,Comercial,17400,16.4,73.2,0.0,,0,Apagado,55.4,0.0,Valle,4.84
2070,2025-08-17 08:00:00,Residencial Mirador,Barcelona,Residencial,9800,-999.0,82.3,278.1,144,0,Apagado,29.16,0.0,Valle,2.97
1439,2025-11-29 14:00:00,Centro Comercial Delta,Valencia,Comercial,17400,13.7,76.6,334.2,1635,1,Calefaccion,236.46,41.83,Valle,21.25
1174,2025-03-10 08:00:00,Centro Comercial Delta,Valencia,Comercial,17400,12.0,84.3,126.1,107,0,Apagado,39.37,15.59,Llano,3.54
1850,2025-01-09 08:00:00,Residencial Mirador,Barcelona,Residencial,9800,11.4,91.5,0.0,,1,Calefaccion,34.64,0.0,Llano,5.47
1672,2025-07-16 20:00:00,Planta Logistica R2,Zaragoza ,Industrial,26000,28.3,51.1,72.0,168,1,Refrigeracion,271.58,20.38,Punta,59.41
355,2025-12-19 14:00:00,Torre Atlantida,Madrid,Oficinas,12500,9.0,67.4,550.9,649,1,Calefaccion,112.19,82.56,Llano,4.92
1941,2025-04-11 00:00:00,Residencial Mirador,Barcelona,Residencial,9800,9.7,92.6,0.0,300,1,Calefaccion,100.21,0.0,Valle,8.51
1077,2025-12-07 00:00:00,Hospital Sur,Sevilla,Sanitario,21000,6.2,86.7,0.0,234,1,Calefaccion,189.1,0.0,Valle,19.57
1228,2025-05-01 20:00:00,Centro Comercial Delta,Valencia,Comercial,17400,20.8,81.5,0.0,1442,0,Apagado,279.82,0.0,Valle,24.32
1092,2025-12-19 20:00:00,Hospital Sur,Sevilla,Sanitario,21000,12.9,61.1,0.0,410,1,Calefaccion,291.53,0.0,Punta,74.08
1152,2025-02-14 20:00:00,Centro Comercial Delta,Valencia,Comercial,17400,14.1,84.8,0.0,1241,Si,Calefaccion,259.41,0.0,Punta,59.72
1863,2025-01-21 14:00:00,Residencial Mirador,Barcelona,Residencial,9800,11.9,93.1,390.9,96,1,Calefaccion,22.87,0.0,Llano,3.63
418,2025-02-18 08:00:00,Campus Norte,Bilbao,Educativo,8600,6.3,98.8,48.7,861,1,Calefaccion,121.69,3.84,Llano,17.16
967,2025-08-17 14:00:00,Hospital Sur,Sevilla,Sanitario,21000,38.9,47.3,867.2,412,1, REFRIGERACION,248.76,159.01,Valle,9.73
1243,2025-05-17 14:00:00,Centro Comercial Delta,Valencia,Comercial,17400,29.3,,612.0,1460,1,Refrigeracion,231.66,73.3,Valle,13.86
1571,2025-04-07 14:00:00,Planta Logistica R2,Zaragoza,Industrial,26000,17.4,74.3,523.2,156,0,Apagado,149.61,135.26,Llano,2.05
1867,2025-01-25 14:00:00,Residencial Mirador,Barcelona,Residencial,9800,-999.0,74.3,400.9,133,1,Calefaccion,29.46,0.0,Valle,2.86
158,2025-06-06 08:00:00,Torre Atlantida,Madrid,Oficinas,12500,18.9,58.7,397.2,333,no,Apagado,64.44,58.11,Llano,0.91
1763,2025-10-16 14:00:00,Planta Logistica R2,Zaragoza,Industrial,26000,20.5,69.1,492.6,190,0,Apagado,155.53,123.22,Llano,5.62
1155,2025-02-18 14:00:00,Centro Comercial Delta,Valencia,Comercial,17400,15.6,76.2,418.0,1377,1,Ventilacion,197.88,51.46,Llano,21.32
1279,2025-06-22 14:00:00,Centro Comercial Delta,Valencia,Comercial,17400,30.4,46.2,923.1,1555,1,Refrigeracion,255.8,120.02,Valle,12.36
1427,2025-11-17 14:00:00,Centro Comercial Delta,Valencia,Comercial,17400,19.7,78.4,445.6,1295,0,Apagado,207.29,57.36,Llano,25.95
761,2025-01-25 00:00:00,Hospital Sur,Sevilla,Sanitario,21000,5.5,81.3,0.0,216,si,Calefaccion,190.11,0.0,Valle,18.21
243,2025-08-29 14:00:00,Torre Atlantida,Madrid,Oficinas,12500,26.1,52.9,895.2,568,1,Refrigeracion,108.43,138.81,Llano,-2.0
885,2025-05-29 00:00:00,Hospital Sur,Sevilla,Sanitario,21000,22.2,57.6,0.0,228,0,Apagado,191.33,0.0,Valle,17.22
621,2025-09-10 00:00:00,Campus Norte,Bilbao,Educativo,8600,16.5,86.2,0.0,93,0,Apagado,22.59,0.0,Valle,2.41
538,2025-06-18 08:00:00,Campus Norte,Bilbao,Educativo,8600,17.6,,,782,0,Apagado,82.41,31.88,Llano,7.41
14,2025-01-13 08:00:00,Torre Atlantida,Madrid,Oficinas,12500,4.4,79.1,0.0,308,1,Calefaccion,111.57,0.0,Llano,17.93
1682,2025-07-28 08:00:00,Planta Logistica R2,Zaragoza,Industrial,26000,20.2,50.8,420.5,170,0,Apagado,144.84,110.85,Llano,5.46
741,2025-01-05 00:00:00,Hospital Sur,Sevilla,Sanitario,21000,5.5,69.8,0.0,250,1,Calefaccion,202.84,0.0,Valle,20.69
1401,2025-10-24 00:00:00,Centro Comercial Delta,Valencia,Comercial,17400,15.4,77.1,0.0,0,No,Apagado,46.34,0.0,Valle,5.13
1386,2025-10-08 08:00:00,Centro Comercial Delta,Valencia,Comercial,17400,16.3,74.8,91.1,80,0,Apagado,46.66,11.41,Llano,6.02
2159,2025-11-13 14:00:00,Residencial Mirador,Barcelona,Residencial,9800,15.9,73.4,542.7,78,1,Ventilacion,20.27,0.0,Llano,3.64
1697,2025-08-13 00:00:00,Planta Logistica R2,Zaragoza,Industrial,26000,18.6,62.4,0.0,57,no,Apagado,109.44,0.0,Valle,11.35
335,2025-11-29 14:00:00,Torre Atlantida,Madrid,Oficinas,12500,12.7,59.4,550.4,,0,Apagado,16.64,79.36,Valle,-2.71
185,2025-07-04 00:00:00,Torre Atlantida,Madrid,Oficinas,12500,23.3,45.6,0.0,23,0,Apagado,24.43,0.0,Valle,2.35
824,2025-03-26 20:00:00,Hospital Sur,Sevilla,Sanitario,21000,19.8,62.9,0.0,385,0, APAGADO,282.5,0.0,Punta,60.4
942,2025-07-24 08:00:00,Hospital Sur,Sevilla,Sanitario,21000,26.7,48.8,457.8,416,1,Refrigeracion,198.2,93.76,Llano,17.31
285,2025-10-12 00:00:00,Torre Atlantida,Madrid,Oficinas,12500,11.4,71.1,0.0,33,0,Apagado,25.91,0.0,Valle,2.83
627,2025-09-14 14:00:00,Campus Norte,Bilbao,Educativo,8600,21.0,87.1,520.6,39,0,Apagado,9.49,39.83,Valle,-1.3
166,2025-06-14 08:00:00,Torre Atlantida,Madrid,Oficinas,12500,22.5,58.2,466.4,52,No, APAGADO,19.01,75.46,Valle,-2.12
1852,2025-01-09 20:00:00,Residencial Mirador,Barcelona,Residencial,9800,8.9,90.2,0.0,312,1,Calefaccion,96.76,0.0,Punta,23.53
1719,2025-09-02 14:00:00,Planta Logistica R2,Zaragoza,Industrial,26000,27.5,46.1,752.7,177,1, REFRIGERACION,176.37,196.89,Llano,-1.39
42,2025-02-10 08:00:00,Torre Atlantida,Madrid,Oficinas,12500,1.6,88.6,19.5,395,1,Calefaccion,113.17,3.01,Llano,16.3
780,2025-02-10 20:00:00,Hospital Sur,Sevilla,Sanitario,21000,,68.7,0.0,415,1,Calefaccion,295.09,0.0,Punta,70.35
1887,2025-02-14 14:00:00,Residencial Mirador,Barcelona,Residencial,9800,13.7,63.7,525.9,61,Si,Calefaccion,18.97,0.0,Llano,2.8
2094,2025-09-10 08:00:00,Residencial Mirador,Barcelona,Residencial,9800,19.2,78.5,145.5,54,No,Apagado,17.67,0.0,Llano,3.1
2157,2025-11-13 00:00:00,Residencial Mirador,Barcelona,Residencial,9800,9.6,95.7,0.0,316,1,Calefaccion,106.29,0.0,Valle,11.95
1686,2025-08-01 08:00:00,Planta Logistica R2,Zaragoza,Industrial,26000,24.2,42.4,,,si,Refrigeracion,174.11,110.14,Llano,10.77
30,2025-01-29 08:00:00,Torre Atlantida,Madrid,Oficinas,12500,2.9,83.1,0.0,327,1,Calefaccion,104.28,0.0,Llano,16.25
182,2025-06-30 08:00:00,Torre Atlantida,Madrid,Oficinas,12500,21.9,62.6,388.8,311,0,Apagado,64.44,58.71,Llano,0.89
635,2025-09-22 14:00:00,Campus Norte,Bilbao,Educativo,8600,23.6,69.8,666.2,799,1,Ventilacion,84.39,52.73,Llano,5.62
105,2025-04-15 00:00:00,Torre Atlantida,Madrid,Oficinas,12500,9.6,64.8,0.0,3,0,Apagado,23.33,0.0,Valle,1.99
61,2025-03-02 00:00:00,Torre Atlantida,Madrid,Oficinas,12500,3.5,72.1,0.0,47,0,Apagado,26.78,0.0,Valle,2.39
1108,2025-01-01 20:00:00,Centro Comercial Delta,Valencia,Comercial,17400,13.6,78.8,0.0,1318,1,Calefaccion,287.25,0.0,Valle,28.29
491,2025-05-01 14:00:00,Campus Norte,Bilbao,Educativo,8600,16.1,89.2,451.7,0,0,Apagado,8.21,34.31,Valle,-0.87
316,2025-11-09 20:00:00,Torre Atlantida,Madrid,Oficinas,12500,10.5,66.9,0.0,2,0,Apagado,23.14,0.0,Valle,2.62
1475,2025-01-01 14:00:00,Planta Logistica R2,ZARAGOZA,Industrial,26000,11.5,66.4,397.4,0,0,Apagado,36.88,110.54,Valle,-2.98
2033,2025-07-12 00:00:00,Residencial Mirador,Barcelona,Residencial,9800,18.9,52.5,0.0,303,0,Apagado,94.93,0.0,Valle,
382,2025-01-13 08:00:00,Campus Norte,Bilbao,Educativo,8600,6.7,,0.0,913,1,Calefaccion,123.48,0.0,Llano,19.25
423,2025-02-22 14:00:00,Campus Norte,Bilbao,Educativo,8600,11.7,93.0,424.5,10,0,Apagado,7.85,32.94,Valle,-0.92
2201,2025-12-27 00:00:00,Residencial Mirador,Barcelona,Residencial,9800,7.3,89.0,,285,1,Calefaccion,99.9,0.0,Valle,10.26
446,2025-03-18 08:00:00,Campus Norte,Bilbao,Educativo,8600,9.4,87.5,99.1,845,1,Calefaccion,111.8,6.48,Llano,15.26
664,2025-10-20 20:00:00,Campus Norte,Bilbao,Educativo,8600,16.8,78.6,0.0,93,0,Apagado,22.43,0.0,Punta,6.06
1025,2025-10-16 00:00:00,Hospital Sur,Sevilla,Sanitario,21000,14.3,57.7,0.0,205,1,Calefaccion,178.77,0.0,Valle,19.77
627,2025-09-14 14:00:00,Campus Norte,Bilbao,Educativo,8600,21.0,87.1,520.6,39,0,Apagado,9.49,39.83,Valle,-1.3
1482,2025-01-09 08:00:00,Planta Logistica R2,Zaragoza,Industrial,26000,4.2,85.4,0.0,166,1,Calefaccion,277.99,0.0,Llano,45.87
1513,2025-02-10 00:00:00,Planta Logistica R2,Zaragoza,Industrial,26000,6.4,67.1,0.0,38,1,Calefaccion,121.95,0.0,Valle,11.21
1113,2025-01-09 00:00:00,Centro Comercial Delta,Valencia,Comercial,17400,7.6,89.0,0.0,107,0,Apagado,51.84,0.0,Valle,5.18
1508,2025-02-02 20:00:00,Planta Logistica R2,Zaragoza,Industrial,26000,9.8,71.0,0.0,50,1, CALEFACCION,128.13,0.0,Valle,11.98
1485,2025-01-13 00:00:00,Planta Logistica R2,Zaragoza,Industrial,26000,2.8,85.4,0.0,69,1,Calefaccion,135.59,0.0,Valle,12.88
269,2025-09-26 00:00:00,Torre Atlantida,Madrid,Oficinas,12500,12.1,61.8,0.0,0,no,Apagado,22.76,0.0,Valle,2.46
1322,2025-08-05 08:00:00,Centro Comercial Delta,Valencia,Comercial,17400,22.6,73.3,339.9,,0,Apagado,34.17,46.08,Llano,-0.79
1906,2025-03-06 08:00:00,Residencial Mirador,Barcelona,Residencial,9800,9.9,75.3,139.1,74,1,Calefaccion,23.32,0.0,Llano,3.46
1120,2025-01-13 20:00:00,Centro Comercial Delta,Valencia,Comercial,17400,9.3,71.5,0.0,1390,1,Calefaccion,285.04,0.0,Punta,67.9
12,2025-01-09 20:00:00,Torre Atlantida,Madrid,Oficinas,12500,,84.8,0.0,64,1,Calefaccion,244.14,0.0,Punta,11.39
115,2025-04-23 14:00:00,Torre Atlantida,Madrid,Oficinas,12500,23.6,43.2,705.0,560,1,Ventilacion,98.61,112.36,Llano,-0.79
844,2025-04-15 20:00:00,Hospital Sur,Sevilla,Sanitario,21000,17.9,47.5,0.0,410,0,Apagado,264.92,0.0,Punta,54.47
1453,2025-12-15 00:00:00,Centro Comercial Delta,Valencia,Comercial,17400,8.3,79.5,0.0,,No,Apagado,48.3,0.0,Valle,4.94
1756,2025-10-08 20:00:00,Planta Logistica R2,Zaragoza,Industrial,26000,15.1,69.4,0.0,177,1,Ventilacion,246.04,0.0,Punta,66.06
1974,2025-05-13 08:00:00,Residencial Mirador,Barcelona,Residencial,9800,,67.9,244.7,80,0,Apagado,19.9,0.0,Llano,2.71
1789,2025-11-13 00:00:00,Planta Logistica R2,Zaragoza,Industrial,26000,4.9,,0.0,63,1,Calefaccion,125.72,0.0,Valle,13.54
774,2025-02-06 08:00:00,Hospital Sur,Sevilla,Sanitario,21000,7.0,81.9,0.0,373,1,Calefaccion,283.05,0.0,Llano,41.44
1980,2025-05-17 20:00:00,Residencial Mirador,Barcelona,Residencial,9800,20.9,91.8,23.3,305,0,Apagado,94.11,0.0,Valle,8.18
691,2025-11-17 14:00:00,Campus Norte,Bilbao,Educativo,8600,13.8,88.6,298.4,879,1,Calefaccion,83.25,22.27,Llano,10.72
1947,2025-04-15 14:00:00,Residencial Mirador,Barcelona,Residencial,9800,20.2,72.2,479.6,73,0,Apagado,17.79,0.0,Llano,2.48
791,2025-02-22 14:00:00,Hospital Sur,Sevilla,Sanitario,21000,18.0,65.7,417.0,401,no,Apagado,192.1,80.75,Valle,10.53
170,2025-06-18 08:00:00,Torre Atlantida,Madrid,Oficinas,12500,23.9,50.6,,375,1,Ventilacion,70.93,62.92,Llano,1.2
1185,2025-03-22 00:00:00,Centro Comercial Delta,Valencia,Comercial,17400,13.4,77.4,0.0,71,1,Calefaccion,60.18,0.0,Valle,5.19
2122,2025-10-08 08:00:00,Residencial Mirador,Barcelona,Residencial,9800,16.1,,83.4,53,0,Apagado,30.54,0.0,Llano,5.31
1554,2025-03-22 08:00:00,Planta Logistica R2,Zaragoza,Industrial,26000,8.0,63.4,192.3,68,TRUE,Calefaccion,95.22,50.73,Valle,3.9
751,2025-01-13 14:00:00,Hospital Sur,Sevilla,Sanitario,21000,18.5,51.4,,393,FALSE, APAGADO,179.65,82.08,Llano,15.45
1820,2025-12-11 20:00:00,Planta Logistica R2,Zaragoza,Industrial,26000,7.7,82.0,0.0,170,1,Calefaccion,269.95,0.0,Punta,69.57
2096,2025-09-10 20:00:00,Residencial Mirador,Barcelona,Residencial,9800,20.8,71.1,0.0,332,0,Apagado,97.13,0.0,Punta,25.65
592,2025-08-09 20:00:00,Campus Norte,Bilbao,Educativo,8600,20.4,93.0,0.0,68,0,Apagado,13.98,0.0,Valle,1.45
808,2025-03-10 20:00:00,Hospital Sur,Sevilla,Sanitario,21000,16.9,67.3,0.0,402,0,Apagado,286.24,0.0,Punta,61.94
1084,2025-12-11 20:00:00,Hospital Sur,Sevilla,Sanitario,21000,11.7,54.1,0.0,423,1,Calefaccion,281.51,0.0,Punta,71.95
1045,2025-11-05 00:00:00,Hospital Sur,Sevilla,Sanitario,21000,9.3,72.1,0.0,147,1,Calefaccion,181.63,0.0,Valle,19.2
1449,2025-12-11 00:00:00,Centro Comercial Delta,Valencia,Comercial,17400,10.6,86.1,0.0,59,0,Apagado,49.59,0.0,Valle,5.21
653,2025-10-12 00:00:00,Campus Norte,Bilbao,Educativo,8600,12.7,88.1,0.0,46,0,Apagado,15.31,0.0,Valle,1.69
1667,2025-07-12 14:00:00,Planta Logistica R2,Zaragoza,Industrial,26000,29.7,38.6,829.9,72,1,Refrigeracion,101.78,220.57,Valle,-4.65
1240,2025-05-13 20:00:00,Centro Comercial Delta,Valencia,Comercial,17400,23.2,63.8,2.7,1371,1,Ventilacion,274.6,0.34,Punta,60.39
245,2025-09-02 00:00:00,Torre Atlantida,Madrid,Oficinas,12500,13.8,64.8,0.0,0,0,Apagado,22.04,0.0,Valle,2.38
1388,2025-10-08 20:00:00,Centro Comercial Delta,Valencia,Comercial,17400,18.2,79.1,0.0,,No,Apagado,279.03,0.0,Punta,72.91
2023,2025-06-30 14:00:00,Residencial Mirador,Barcelona,Residencial,9800,25.8,74.5,758.0,48,1,Refrigeracion,21.11,0.0,Llano,3.2
60,2025-02-26 20:00:00,Torre Atlantida,Madrid,Oficinas,12500,8.8,82.8,0.0,57,1,Calefaccion,40.85,0.0,Punta,9.3
1246,2025-05-21 08:00:00,Centro Comercial Delta,Valencia,Comercial,17400,22.7,72.7,387.6,,No, APAGADO,44.83,45.96,Llano,-0.06
177,2025-06-26 00:00:00,Torre Atlantida,Madrid,Oficinas,12500,20.3,45.3,0.0,75,0,Apagado,28.75,0.0,Valle,2.66
450,2025-03-22 08:00:00,Campus Norte,Bilbao,Educativo,8600,13.2,79.9,90.9,40,0,Apagado,15.24,7.09,Valle,0.69
56,2025-02-22 20:00:00,Torre Atlantida,Madrid,Oficinas,12500,7.5,64.1,0.0,0,No,Apagado,23.3,0.0,Valle,2.12
1973,2025-05-13 00:00:00,Residencial Mirador,Barcelona,Residencial,9800,15.7,75.0,0.0,310,1,Ventilacion,99.05,0.0,Valle,8.63
1093,2025-12-23 00:00:00,Hospital Sur,Sevilla,Sanitario,21000,2.9,87.7,0.0,203,1,Calefaccion,187.4,0.0,Valle,18.95
1769,2025-10-24 00:00:00,Planta Logistica R2,Zaragoza,Industrial,26000,8.9,73.8,0.0,31,Si,Calefaccion,129.54,0.0,Valle,14.16
1738,2025-09-22 08:00:00,Planta Logistica R2,Zaragoza,Industrial,26000,15.8,65.1,153.8,183,1, VENTILACION,146.31,40.13,Llano,18.74
1210,2025-04-15 08:00:00,Centro Comercial Delta,Valencia,Comercial,17400,17.0,67.5,213.4,30,No,Apagado,36.84,28.11,Llano,1.25
642,2025-09-30 08:00:00,Campus Norte,Bilbao,Educativo,8600,13.2,92.3,,773,1,Calefaccion,113.02,7.0,Llano,18.71
